title	published_at
Paris Hilton protest calls for closure of Utah school	2020-10-10 00:25:49+00
US agency mourns murdered Mexico plant safety inspector	2020-10-10 00:18:02+00
North Korea celebrates party anniversary amid economic woes	2020-10-10 01:51:04+00
Tropical storm unleashes rain, strong winds in south Japan	2020-10-10 00:57:28+00
China protests latest US Navy mission in South China Sea	2020-10-10 02:48:00+00
Armenia, Azerbaijan agree on cease-fire in Nagorno-Karabakh	2020-10-10 00:19:31+00
Hurricane Delta has weakened to a Category 1 storm as it moves inland along the southwestern Louisiana coast	2020-10-10 00:12:30+00
Armenia and Azerbaijan say they have agreed on a cease-fire in Nagorno-Karabakh starting Saturday	2020-10-10 00:09:45+00
North Korea state media quiet ahead of expected military parade	2020-10-10 01:55:53+00
Detained Australian writer to face spy trial in China	2020-10-10 03:29:53+00
Taiwan to strengthen defences as China tensions escalate	2020-10-10 00:22:20+00
Armenia, Azerbaijan agree ceasefire from midnight: Lavrov	2020-10-10 00:15:59+00
Feds say active exploits of critical Zerologon bug threaten elections orgs	2020-10-10 00:43:18+00
Amazon Games kills its ambitious shooter Crucible after only five months	2020-10-10 00:31:27+00
Brazil, Colombia outclass rivals, lead World Cup qualifiers	2020-10-10 02:55:44+00
Rare 1794 silver dollar goes unsold at auction in Las Vegas	2020-10-10 01:18:40+00
Federal judges rule in GOP's favor on Ohio ballot boxes	2020-10-10 01:32:49+00
Gardner on the offensive in crucial live, televised debate	2020-10-10 01:46:54+00
French Open Glance: Sofia Kenin vs. Iga Swiatek in final	2020-10-10 01:35:07+00
Trump's Columbus Day proclamation includes stark warnings	2020-10-10 01:04:47+00
LEADING OFF: Rangers, MLB ready ballpark to host NLCS fans	2020-10-10 01:19:20+00
Mavs' Porzingis has knee surgery after injury in playoffs	2020-10-10 00:04:15+00
Brosseau homer off Chapman lifts Rays over Yanks, into ALCS	2020-10-10 02:36:21+00
Broadway Extends Shutdown Through May!	2020-10-10 00:49:38+00
Federal judge blocks Texas governor’s order limiting ballot drop-off, backing Democrats’ concerns of voter suppression	2020-10-10 02:50:18+00
Indiana hits record level of new coronavirus infections	2020-10-10 00:56:07+00
MLB players extend streak of no COVD positives to 33 days	2020-10-10 01:26:55+00
Nevada football player arrested in FBI sex trafficking sting	2020-10-10 01:06:18+00
Hurricane Delta has weakened to a Category 1 storm as it moves inland along the southwestern Louisiana coast	2020-10-10 00:12:12+00
Armenia, Azerbaijan agree on cease-fire in Nagorno-Karabakh	2020-10-10 00:19:14+00
North Korea celebrates party anniversary amid economic woes	2020-10-10 01:49:02+00
Paris Hilton protest calls for closure of Utah school	2020-10-10 00:53:52+00
Dodgers to host drive-in viewing parties during NLCS	2020-10-10 01:37:13+00
Armenia, Azerbaijan agree on cease-fire in Nagorno-Karabakh - The Associated Press	2020-10-10 00:30:55+00
Virus infections set new one-day record in New Mexico	2020-10-10 00:10:33+00
Sims powers Georgia Tech past fumble-prone Louisville, 46-27	2020-10-10 02:56:03+00
"Hurricane Delta makes landfall in Louisiana as a ""life-threatening"" Category 2 storm"	2020-10-10 00:11:32+00
The Real Winners and Losers from the First Day of NHL Free Agency	2020-10-10 00:22:44+00
NFL Network's Ian Rapoport Suspended Until Oct. 22 for Social Media Post	2020-10-10 03:36:47+00
LeBron James Passes Karl Malone for 2nd on NBA's All-Time Total Points List	2020-10-10 02:51:42+00
Mike Brosseau's HR off Aroldis Chapman Lifts Rays Past Yankees in ALDS Game 5	2020-10-10 02:39:48+00
Aaron Boone on Yankees' Game 5 Loss to Rays: 'It's Awful. The Ending Is Cruel'	2020-10-10 03:37:53+00
Seth Rollins Moves from Raw to SmackDown in 2020 WWE Draft	2020-10-10 00:36:07+00
Report: Red Sox Owner John Henry in Talks to Take Fenway Sports Group Public	2020-10-10 01:52:17+00
'The Last Dance' Cameraman Filmed Documentary Footage Inside NBA Bubble	2020-10-10 01:25:29+00
Jimmy Butler Plays Hero as Heat Win Epic Game 5 vs. LeBron James, Lakers	2020-10-10 03:50:41+00
Bayley DQ'd vs. Sasha Banks, Retains SmackDown Women's Title on WWE SmackDown	2020-10-10 01:25:29+00
Italy's Interventionist State Nails $10 Billion in New Deals	2020-10-10 02:00:00+00
Failure to Pass More Fiscal Stimulus is Like Going Out Into a Crowd Without a Mask: Summers	2020-10-10 00:02:19+00
Armenia, Azerbaijan Agree to Truce Starting Oct. 10, IFX Says	2020-10-10 00:14:03+00
Netflix's Dungey Is Leaving Streaming Giant After Short Stint	2020-10-10 00:09:15+00
Amazon Ends Development of Crucible, Its First Major Video Game	2020-10-10 01:15:21+00
Boston Red Sox Owner Said to Be in Talks With Beane's RedBall	2020-10-10 01:07:18+00
Texas Must Let Counties Offer Multiple Mail-Ballot Drop Boxes	2020-10-10 02:45:40+00
Election Won't Impact Long-Term Earnings: Mossavar-Rahmani	2020-10-10 00:00:51+00
Singaporean Sentenced to Prison by U.S. in China Spying Case	2020-10-10 02:50:47+00
U.K., EU Agree to Pursue Mini-Deals if Trade Talks Fail: Times	2020-10-10 02:55:55+00
Donald Trump Says He Is ‘Medication Free’ After Coronavirus Treatments	2020-10-10 01:21:47+00
WATCH: Wisconsin Protesters Defy Curfew Orders for Third Night	2020-10-10 01:35:58+00
Jaime Harrison Skips Debate, Claims Lindsey Graham ‘Refused’ COVID Test	2020-10-10 02:22:47+00
Maxine Waters: ‘It’s Long Past Time the 25th Amendment Should Have Been Enacted’ — Trump Should Be ‘Arrested’	2020-10-10 01:31:44+00
GOP Narrows Voter Registration Advantage in Competitive North Carolina	2020-10-10 01:28:51+00
How to create, edit, or delete a personalized Bitmoji on your iPhone	2020-10-10 00:32:00+00
How to update or reinstall your drivers in Windows 10 to keep your computer running smoothly	2020-10-10 00:25:00+00
Trump tells Fox News he had 'congestion' in his lungs, giving a small window into his COVID-19 infection	2020-10-10 01:20:44+00
$45.5 billion cloud communications company Twilio is reportedly getting ready to acquire data startup Segment for $3.2 billion (TWLO)	2020-10-10 00:01:41+00
How to connect your AirPods to a Mac computer, whether or not you have a paired iPhone	2020-10-10 00:08:00+00
How to sign up for Rover to give or receive pet care services	2020-10-10 00:50:00+00
How to download Nvidia drivers to keep your computer's graphics running smoothly and vibrantly	2020-10-10 00:38:00+00
How to create your own Pinterest pin by uploading a photo or attaching a web image	2020-10-10 00:44:00+00
16 Disturbing Documentaries That'll 100% Creep You The Hell Out	2020-10-10 02:52:05+00
25 Stylish Pairs Of Shoes Under $50 To Add To Your Fall Wardrobe	2020-10-10 02:05:07+00
Ryan Gosling Is Very Passionate About His Dislike Of Disneyland's Haunted Mansion Holiday Overlay	2020-10-10 01:05:36+00
"This ""Watched It"" Or ""Skipped It"" Halloween Movie Quiz Will Reveal If You're Gen-Z, Millennial, Or Cusper"	2020-10-10 01:50:39+00
Here's What You Should Make For Your Next Taco Night At Home	2020-10-10 02:20:02+00
You're Either A German Shepherd, Golden Retriever, Or A Siberian Husky — Choose Between These Desserts To Find Out	2020-10-10 02:54:32+00
Are These NSFW Town Names In The US Or The UK?	2020-10-10 01:20:34+00
Can You Spend Over $1 Million On A Single Manicure?	2020-10-10 00:20:14+00
21 Horror Movie Scenes So Messed Up, They Just Might Be The Most Disturbing Of All Time	2020-10-10 00:51:42+00
Hurricane Delta slams into Louisiana Gulf Coast as Category 2 storm	2020-10-10 00:47:27+00
Asian Americans: Battling Bias	2020-10-10 00:00:13+00
Asian Americans find common ground with Black Lives Matter	2020-10-10 00:00:15+00
President Trump to hold first public events since COVID-19 diagnosis	2020-10-10 00:47:26+00
The voting power of Asian Americans	2020-10-10 00:00:14+00
Armenia and Azerbaijan agree to cease-fire after weeks of conflict	2020-10-10 02:18:23+00
Asian Americans face high coronavirus infection rates and unemployment	2020-10-10 00:00:14+00
Asian Americans face rise in racist incidents	2020-10-10 00:00:14+00
CBS Evening News, October 9th, 2020	2020-10-10 03:00:09+00
Hurricane Delta makes landfall on Louisiana's Gulf Coast	2020-10-10 00:42:02+00
North Korea prepares largest military parade in country's history to mark 75th anniversary of regime	2020-10-10 00:47:49+00
6 alleged militia members arraigned on terrorism charges	2020-10-10 01:18:29+00
Judge denies Orthodox Jewish group's request for restraining order against New York's Covid-19 restrictions	2020-10-10 00:34:34+00
Jay-Z and Team Roc pay fees for those arrested in Wisconsin protests	2020-10-10 02:18:55+00
China is doubling down in the global push for a coronavirus vaccine	2020-10-10 01:11:47+00
White House still hasn't said if Trump has tested negative	2020-10-10 03:37:10+00
Two Maine police officers who allegedly beat porcupines to death while on duty have been fired	2020-10-10 00:42:39+00
Texas court denies appeal from family to keep 10-month-old baby on ventilator	2020-10-10 01:43:27+00
Trump says Iran knows 'not to f**k around' with the US	2020-10-10 00:10:34+00
Federal judge blocks Texas governor's directive limiting ballot drop boxes to one per county	2020-10-10 03:10:59+00
Armenia and Azerbaijan agree on a ceasefire, Russian foreign ministry says	2020-10-10 01:23:09+00
Former principal who said he couldn't confirm that the Holocaust was real is rehired to a new position	2020-10-10 01:16:21+00
New details emerge about plot to kidnap Michigan governor	2020-10-10 00:23:30+00
Republicans start to distance from Trump	2020-10-10 02:47:14+00
Amazon pulls the plug on its first AAA game, 'Crucible'	2020-10-10 00:33:48+00
IBM showcases latest A.I. advancements on Bloomberg’s “That’s Debatable” TV show	2020-10-10 00:00:00+00
Tucker Carlson: Expanding Supreme Court the one thing President Joe Biden is certain to do	2020-10-10 02:21:07+00
Wisconsin protesters face 'heavy dose of tear gas, pepper balls'	2020-10-10 03:27:07+00
Chick-fil-A-delivering dog stars in her own commercial for the restaurant	2020-10-10 01:59:05+00
Third debate moderator Kristen Welker's Twitter account deactivated amid Steve Scully controversy	2020-10-10 00:37:51+00
‘Green Lantern’ series headed to HBO Max	2020-10-10 01:38:12+00
Mariah Carey says son Moroccan was ‘bullied’ by White supremacist: ‘This is the world we live in’	2020-10-10 00:02:37+00
Steve Scully Twitter mess shows anti-Trump bias by debate commission	2020-10-10 01:55:54+00
Rapper targeted in shooting outside Orlando mall	2020-10-10 02:01:22+00
Keith Olbermann: Amy Coney Barrett, others should be 'prosecuted' and 'removed from our society'	2020-10-10 03:43:02+00
Democratic ballots more than double Republican ballots during early voting	2020-10-10 01:39:19+00
Lucille Ball and Desi Arnaz's great-granddaughter, Desiree S. Anzalone, dead at 31	2020-10-10 01:00:08+00
Eddie Van Halen's son Wolfgang shares childhood photo with his late father	2020-10-10 00:47:20+00
Journalist declares Commission on Presidential Debates 'Swampiest Swamp,' calls for leadership overhaul	2020-10-10 02:02:54+00
How much longer can Biden, Harris dodge court-packing issue?	2020-10-10 02:18:06+00
Chipotle shares recipe for its tortilla chips in popular video	2020-10-10 00:01:13+00
Fauci says White House hosted a 'superspreader event'	2020-10-10 00:33:15+00
Woman loans designer wedding dress to other brides for free	2020-10-10 00:54:32+00
Newlyweds beat Delta to the altar in hurricane-rushed wedding	2020-10-10 01:49:49+00
Hannity: Biden and Harris are trying to erase their own history	2020-10-10 01:39:31+00
Steve Scully has history of blaming 'hackers' for posts made on his Twitter account	2020-10-10 00:08:07+00
Public evacuation shelters amid COVID-19 might not be safest option, FEMA warns	2020-10-10 00:57:46+00
Trump says he's 'medication free,' details COVID-19 recovery in first on-camera interview since diagnosis	2020-10-10 01:09:08+00
Ex-Philadelphia cop charged in fatal shooting of Black man	2020-10-10 00:10:56+00
Trump takes aim at LeBron James ahead Lakers-Heat Game 5	2020-10-10 00:13:03+00
Roman Reigns wants to hear Jey Uso say “I Quit”: SmackDown, Oct. 9, 2020	2020-10-10 02:08:31+00
Aaron Judge solo homer puts Yankees up 1-0 on Rays in ALDS Game 5	2020-10-10 03:00:00+00
Ranking all 13 touchdown passes by Packers' Rodgers so far in 2020	2020-10-10 00:25:18+00
Bayley will stop at nothing to keep her title from former best friend Sasha Banks in vicious SmackDown	2020-10-10 02:08:17+00
HIGHLIGHTS: Mansfield Timberview vs. Flower Mound | Football Friday	2020-10-10 03:00:06+00
Rays advance to ALCS for first time in 12 years with Game 5 win over Yankees	2020-10-10 02:48:12+00
WWE Draft Night 1 recap: Major shakeups in RAW and SmackDown	2020-10-10 01:57:58+00
AzLA 2020	2020-10-10 01:53:00+00
China lambastes Japan’s protests of digital museum for disputed islands	2020-10-10 01:23:19+00
The PlayStation 4 Games You Won't Be Able to Play on PlayStation 5 - IGN Daily Fix - IGN	2020-10-10 00:00:03+00
"ReoNa Sings Sword Art Online Anime's Latest OP Theme with only Guitar & Piano in ""THE FIRST TAKE"""	2020-10-10 03:10:11+00
JUST 43 DAYS AFTER LAURA!	2020-10-10 00:49:37+00
Berman: Trump has the poker face of a neon sign - CNN	2020-10-10 01:21:59+00
Dragon Quest: The Adventure of Dai - Episode 2 - DAI AND PRINCESS LEONA	2020-10-10 02:00:00+00
Hannity: Biden and Harris are trying to erase their own history - Fox News	2020-10-10 02:30:19+00
New details emerge about plot to kidnap Michigan governor - CNN	2020-10-10 02:48:11+00
Friday 7 PM Tropical Update: Hurricane Delta weakens to a Cat 1 storm after making landfall - WWLTV	2020-10-10 00:31:39+00
Tokyo 7th Sisters Anime Feature Film Newly Set for a Release in Early Spring of 2021	2020-10-10 02:10:28+00
"WATATEN! Anime VA Unit Return to Show Off Their Cuteness Again in New MV ""Delicious Smile!"""	2020-10-10 01:10:33+00
Global National: Oct. 9, 2020 | COVID-19 cases surging in parts of Canada, restrictions return - Global News	2020-10-10 01:30:10+00
DAB October 10 - 2020	2020-10-10 00:00:00+00
Trump joins 'Tucker' for first on-camera interview since COVID-19 diagnosis - Fox News	2020-10-10 01:45:10+00
Here's Every Weapon and You Can Get in the Black Ops Cold War Beta	2020-10-10 02:20:49+00
MODOK: Hulu Reveals Marvel TV's First Adult Animated Comedy Series	2020-10-10 01:10:34+00
The Boys Season 2 Ending Explained: All the Clues to THAT Reveal	2020-10-10 01:22:22+00
Here's Every Weapon and You Can Get in the Black Ops Cold War Beta	2020-10-10 02:20:49+00
Amazon's Crucible Is Shutting Down Next Month	2020-10-10 00:37:52+00
Why won’t the White House reveal the date of Trump’s last negative test?	2020-10-10 01:10:44+00
McCaskill: We can see ‘cracks in the very firm foundation’ of Trump’s GOP ‘minions’	2020-10-10 00:28:34+00
Kansas GOP caught plotting to rig redistricting	2020-10-10 00:50:39+00
Child, 3, burned after falling into thermal feature at Yellowstone	2020-10-10 02:47:10+00
Ex-officer no longer fighting to overturn conviction in Laquan McDonald's death	2020-10-10 00:31:43+00
Nightly News Full Broadcast (October 9th)	2020-10-10 02:14:12+00
Disney's 'The Right Stuff' tackles a different kind of star war — with mixed results	2020-10-10 00:28:21+00
Despite Trump's claims, federal agencies foresee a secure election	2020-10-10 01:11:17+00
Regeneron board member and executive sell $1 million in stock after Trump touts treatment	2020-10-10 00:31:16+00
Trump says he is no longer taking medication, declares he's 'healed' of Covid	2020-10-10 01:19:26+00
The Entire Presidency Is a Superspreading Event	2020-10-10 01:38:17+00
Donald Trump Supports Outdoor Debate Idea So Joe Biden Can't Read Answers 'Off a Computer'	2020-10-10 01:38:57+00
Barack Obama Calls Donald Trump's Attempts to Restrict Census 'Disturbing'	2020-10-10 01:07:03+00
WWE 'SmackDown' Results: Sasha Banks Challenges Bayley on Night 1 of the Draft	2020-10-10 00:13:28+00
Netflix Faces Criticism After Canceling Shows That Promoted Diversity	2020-10-10 00:20:08+00
Donald Trump Says He's Off COVID Medication, Will Donate Plasma	2020-10-10 01:12:01+00
CBP Officer Indicted in Scheme to Get Child to Recant Rape Allegations Against Her Son	2020-10-10 02:22:50+00
Trump Wasn't the First Major Politician to Drop an F-Bomb—Biden, McCain & Others Have Too	2020-10-10 01:03:19+00
WWE Draft 2020: Full Results & Who Switched Brands on Night 1	2020-10-10 01:15:25+00
Wauwatosa Police Use Tear Gas in Third Straight Night of Protests	2020-10-10 02:56:29+00
Argentina first nation to OK drought-resistant GMO wheat, farm industry balks - Reuters India	2020-10-10 03:37:00+00
Soccer-Brazil score five against Bolivia in World Cup win - Reuters UK	2020-10-10 02:36:00+00
Taiwan president calls for 'meaningful dialogue' with China - Reuters	2020-10-10 03:13:00+00
NZ's Barrett out of Bledisloe test against Australia - Reuters UK	2020-10-10 01:36:00+00
NFL to penalize talking to refs without a mask - Reuters	2020-10-10 01:03:00+00
Viral clip shows Biden lowering his mask to cough in his hand	2020-10-10 01:13:05+00
Saudi-led coalition destroys explosive drone fired by Houthis - Reuters UK	2020-10-10 02:41:00+00
U.S. should try to delay IPO of China's Ant Group, Senator Rubio says - Reuters	2020-10-10 03:24:00+00
Tampa Bay Rays advance to ALCS after eliminating New York Yankees	2020-10-10 03:12:44+00
Microsoft to let most employees work remotely for up to half their weekly working hours - Reuters India	2020-10-10 03:23:00+00
Accused militia members arraigned on domestic terrorism charges in Michigan	2020-10-10 00:58:36+00
Pelosi teases using 25th Amendment after Trump COVID-19 diagnosis	2020-10-10 02:39:57+00
Red Sox owner to take Fenway Sports public through merger with RedBall - WSJ - Reuters UK	2020-10-10 00:46:00+00
Trump says he stopped taking medications to combat coronavirus eight hours ago - Reuters UK	2020-10-10 00:40:00+00
Saudi-led coalition destroys explosive drone fired by Houthis	2020-10-10 02:39:33+00
U.S. judge rules Apple could bar Epic Games's 'Fortnite' from App Store - Reuters India	2020-10-10 03:23:00+00
Media largely avoids Steve Scully controversy, TV networks skip debate moderator's 'hack' claim	2020-10-10 03:23:39+00
Otis’ day in court delayed by The Miz & John Morrison: SmackDown, Oct. 9, 2020	2020-10-10 02:02:00+00
North Korea state media quiet ahead of expected military parade - Reuters	2020-10-10 01:16:00+00
Red Sox owner to take Fenway Sports public through merger with RedBall: WSJ	2020-10-10 00:55:45+00
AJ Styles fuming after being passed up as top pick: SmackDown, Oct. 9, 2020	2020-10-10 02:10:00+00
See all the results from the WWE Draft	2020-10-10 00:08:15+00
French Open history won't matter in final against Djokovic, says Nadal - Reuters India	2020-10-10 03:18:00+00
Blues sign Torey Krug to seven-year, $45.5 million deal	2020-10-10 00:38:06+00
Mexico reports 5,263 new coronavirus cases, 411 more deaths - Reuters India	2020-10-10 00:22:00+00
Federal judge blocks Texas order limiting ballot drop-off sites to 1 per county - Reuters	2020-10-10 03:20:00+00
High School Football OT 10.9.20 (VIDEO)	2020-10-10 03:00:02+00
World Cup Qualifiers (South America) Summaries - Reuters UK	2020-10-10 01:31:00+00
Trump to hold White House event, Florida rally - Reuters	2020-10-10 00:25:45+00
Mainland China reports 15 new COVID-19 cases vs 21 a day earlier - Reuters	2020-10-10 01:33:00+00
HIGHLIGHTS: Canyon vs. Andrews | Football Friday	2020-10-10 02:55:28+00
See all the results from the 2020 Draft	2020-10-10 00:08:15+00
October 15 presidential debate canceled - Reuters	2020-10-10 01:21:15+00
HIGHLIGHTS: Georgetown vs. Cedar Park | Football Friday	2020-10-10 03:03:28+00
NFL to penalize talking to refs without a mask	2020-10-10 01:02:33+00
U.S. Treasury to push COVID stimulus, China debt participation at IMF meeting - official - Reuters India	2020-10-10 03:38:00+00
Twilio to buy cloud customer data startup Segment for $3.2 billion: Forbes - Reuters	2020-10-10 02:39:00+00
Austin Meadows launches homer to tie Rays with Yankees, 1-1	2020-10-10 02:43:27+00
October 15 U.S. presidential debate officially canceled after Trump balked - Reuters UK	2020-10-10 00:19:00+00
Baker Mayfield | UIL 100th Anniversary	2020-10-10 02:41:50+00
HKMA sells HK$3.1 bln in NY hours, currency hits strong end of band - Reuters	2020-10-10 01:38:00+00
Saudi-led coalition destroys explosive drone fired by Houthis - Reuters India	2020-10-10 03:32:00+00
Mexico reports 5,263 new coronavirus cases, 411 more deaths - Reuters	2020-10-10 00:19:00+00
Bayley vs. Sasha Banks – SmackDown Women’s Championship Match: SmackDown, Oct. 9, 2020	2020-10-10 02:44:00+00
India's September fuel demand posts first monthly gain since June - Reuters India	2020-10-10 02:07:00+00
UPDATE 2-World Cup Qualifiers (South America) Results	2020-10-10 02:26:09+00
Accused militia members arraigned on domestic terrorism charges in Michigan - Reuters	2020-10-10 00:57:00+00
Taiwan president says wants 'meaningful dialogue' with China - Reuters UK	2020-10-10 02:41:00+00
Taiwan president says wants 'meaningful dialogue' with China - Reuters UK	2020-10-10 02:41:00+00
U.S. should try to delay IPO of China's Ant Group, Senator Rubio says - Reuters India	2020-10-10 01:17:00+00
Soccer-Brazil score five against Bolivia in World Cup win	2020-10-10 02:31:37+00
FURIA, Liquid move atop groups in IEM New York: NA - Reuters	2020-10-10 02:27:00+00
Detained Australian Yang Hengjun to face trial in Beijing - Reuters UK	2020-10-10 02:16:00+00
Taiwan president says wants 'meaningful dialogue' with China	2020-10-10 02:40:01+00
Footballer Rashford honoured for school meals campaign - Reuters India	2020-10-10 03:18:00+00
Armenia and Azerbaijan agree to cease fire: Russia's Lavrov - Reuters.com	2020-10-10 00:14:00+00
Detained Australian Yang Hengjun to face trial in Beijing	2020-10-10 01:56:44+00
HKMA sells HK$3.1 bln in NY hours, currency hits strong end of band - Reuters UK	2020-10-10 01:41:00+00
US, AstraZeneca strike deal for COVID-19 antibody treatment touted by Trump - Reuters India	2020-10-10 03:32:00+00
Robinhood says some customer accounts may have become target of hackers - Reuters India	2020-10-10 03:17:00+00
Djokovic resists gallant Tsitsipas to set up Nadal final - Reuters India	2020-10-10 03:17:00+00
Trump says he stopped taking medications to combat coronavirus eight hours ago - Reuters India	2020-10-10 03:43:00+00
North Korea state media quiet ahead of expected military parade - Reuters Canada	2020-10-10 01:18:00+00
This is the cheapest rugged tablet on the market and it's 4G-ready	2020-10-10 03:00:01+00
Trump says he stopped taking medications to combat coronavirus eight hours ago - Reuters	2020-10-10 00:38:00+00
Schiff: If Trump wanted more infections 'would he be doing anything different'?	2020-10-10 01:54:07+00
Federal judge shoots down Texas proclamation allowing one ballot drop-off location per county	2020-10-10 03:19:40+00
Trump administration kept CDC from issuing mask requirement on public transportation: report	2020-10-10 00:16:06+00
Twilio to buy cloud customer data startup Segment for $3.2 billion: Forbes	2020-10-10 02:37:59+00
Loeffler unveils resolution condemning Pelosi for comments on 25th Amendment	2020-10-10 00:42:29+00
Trump gives overview of COVID-19 case in first on camera interview since diagnosis	2020-10-10 01:17:22+00
Japan sends three vessels to South China Sea in anti-submarine exercise - Reuters India	2020-10-10 03:32:00+00
Hurricane Delta makes landfall in Louisiana as Category 2 storm	2020-10-10 00:44:57+00
Accused militia members arraigned on domestic terrorism charges in Michigan - Reuters India	2020-10-10 03:37:00+00
Nine people who attended Trump rally in Minnesota contracted coronavirus	2020-10-10 02:39:36+00
Report: Google is going to turn YouTube into a shopping hub	2020-10-10 01:20:29+00
Amazon has canceled Crucible, its free-to-play multiplayer shooter that had already been returned to closed beta	2020-10-10 00:32:05+00
California fire department confiscates PG&E's equipment in wildfire investigation - Reuters India	2020-10-10 03:32:00+00
Hurricane Delta Makes Landfall in Southwestern Louisiana	2020-10-10 00:50:00+00
Trump pressures Justice Dept to target Dems...	2020-10-10 01:19:38+00
Soccer-Colombia overrun Venezuela with three first-half goals - Reuters UK	2020-10-10 01:51:00+00
D.C. United making moves, including trading Federico Higuain to Inter Miami	2020-10-10 02:34:15+00
TRUMP MAGA RALLY SET FOR WHITE HOUSE	2020-10-10 01:04:36+00
Twilio to buy cloud customer data startup Segment for $3.2 billion: Forbes - Reuters India	2020-10-10 03:22:00+00
Armenia and Azerbaijan agree to cease fire - Russia's Lavrov - Reuters UK	2020-10-10 00:15:00+00
Trump will speak at a public event at the White House; it is not clear if he’s still contagious with coronavirus	2020-10-10 00:04:54+00
Cyber Command trying disrupt world's largest botnet, hoping to thwart impact on election...	2020-10-10 01:04:37+00
Red Sox owner to take Fenway Sports public through merger with RedBall: source	2020-10-10 01:44:19+00
Fight Game on the 'Gram: Michael Page's best posts before Bellator 248	2020-10-10 01:30:04+00
Armenia and Azerbaijan agree to ceasefire, Russia's Lavrov says	2020-10-10 01:06:25+00
Federal judge blocks order limiting Texas ballot drop-off locations	2020-10-10 03:42:43+00
Tom Breese unfazed by yet another opponent change for UFC on ESPN+ 37	2020-10-10 00:30:59+00
Paul Pierce, legendary LeBron hater, paid James the ultimate compliment before Game 5	2020-10-10 01:08:53+00
Social Security	2020-10-10 00:08:56+00
Rays' Mike Brosseau eliminates Yankees with game-winning homer off Aroldis Chapman	2020-10-10 02:32:53+00
Tech trick	2020-10-10 00:14:26+00
Debate between Graham and Harrison canceled after Graham refused to take a COVID-19 test	2020-10-10 00:06:35+00
Roth IRA	2020-10-10 00:09:54+00
Jimmy Butler keeps Heat alive with epic performance in Game 5 win	2020-10-10 03:51:42+00
Dwight Howard avoids ejection for hard foul on Jimmy Butler	2020-10-10 02:52:37+00
Brazil vs. Bolivia: World Cup Qualifiers live stream, TV channel, how to watch online, lineups, odds, start time	2020-10-10 00:02:39+00
UFC on ESPN+ 37 free fight: Cory Sandhagen rallies to finish Iuri Alcantara	2020-10-10 03:05:37+00
New York Jets' presumed COVID-19 positive determined to be false positive after retesting	2020-10-10 00:18:30+00
Hurricane Delta weakens to Category 1 storm	2020-10-10 00:57:03+00
Rays revenge home run knocks off Yankees in winner-take-all Game 5, Tampa Bay returns to ALCS for first time since 2008	2020-10-10 02:49:32+00
California ban on private prisons, immigration centers is 'largely Constitutional'	2020-10-10 00:40:08+00
Director DuVernay promotes film series celebrating women and technology	2020-10-10 02:32:45+00
Trump Is Pretty Sure He's Not Taking Drugs and Is Doing Fine	2020-10-10 01:19:16+00
Lesson not learned: Europe unprepared as 2nd virus wave hits	2020-10-10 06:37:08+00
Delta inflicts new damage on storm-weary Louisiana	2020-10-10 06:02:48+00
Philippines captures suspected Indonesian would-be bomber	2020-10-10 04:44:17+00
WFP chief seeks million from donors, billionaires for food	2020-10-10 04:01:40+00
From janitor to health care hero at the same hospital, nurse practitioner shares her decadelong journey	2020-10-10 04:59:04+00
Hong Kong police arrest 9 for aiding dozen to flee territory	2020-10-10 05:07:18+00
The Latest: Delta downgraded but still causing damage	2020-10-10 06:19:16+00
Judge blocks order limiting Texas ballot drop-off locations	2020-10-10 03:19:34+00
'It's his house': Nadal vs. Djokovic in French Open final	2020-10-10 04:55:46+00
Five things to know about court nominee Amy Coney Barrett	2020-10-10 04:53:52+00
Pakistan bans Chinese app TikTok over unlawful content	2020-10-10 05:39:06+00
Trump restarting campaign with White House, Florida events	2020-10-10 04:16:58+00
2 arrested after LA firefighter goes missing in Mexico	2020-10-10 03:05:59+00
LEADING OFF: Rays thwart Yankees, seek revenge vs Astros	2020-10-10 06:22:43+00
Supreme Court pick Barrett signed second anti-abortion ad	2020-10-10 04:28:16+00
WFP chief seeks million from donors, billionaires for food	2020-10-10 04:00:12+00
White House ups virus aid offer, resumes talks with Pelosi	2020-10-10 04:43:45+00
Whitmer plot a new twist in fight for battleground Michigan	2020-10-10 05:08:28+00
Specter of election chaos raises questions on military role	2020-10-10 05:03:24+00
Florida GOP fights to animate Trump's base without president	2020-10-10 04:59:11+00
Yankees come up short again in Game 5 loss to Rays	2020-10-10 03:06:41+00
A senior warning sign for Trump: 'Go Biden' cry at Villages	2020-10-10 04:36:33+00
Lightning among losers, Flames with winners in free agency	2020-10-10 06:41:40+00
Lithuanians to choose new parliament amid virus tensions	2020-10-10 06:55:04+00
Heat force Game 6, top Lakers to stave off elimination	2020-10-10 03:52:15+00
Judge blocks order limiting Texas ballot drop-off locations	2020-10-10 03:17:25+00
King James scores 40, but a Lakers coronation has to wait	2020-10-10 05:07:07+00
Australia's Morrison Urges Transparency as China Charges Writer	2020-10-10 05:32:55+00
NBA Returning to Chinese State Television After 1-YearBan	2020-10-10 03:13:23+00
Pinkerton: October Surprises in U.S. History	2020-10-10 04:57:05+00
Maher: ‘I Don’t Know What I’m Getting for My Super High Taxes’ in California	2020-10-10 04:24:53+00
Schiff: ‘I Would Favor Doing away with the Electoral College’	2020-10-10 04:24:55+00
A UK model suggests school closures could lead to more deaths after lockdowns lift — but experts are wary of the prediction	2020-10-10 06:28:53+00
Federal prosecutors did a dry run of family separations in Texas and found that children younger than 12 shouldn't be taken away from their parents	2020-10-10 05:53:01+00
'I could be one of the diers': Trump recognized own mortality after COVID-19 diagnosis, according to a report from New York Magazine	2020-10-10 04:54:16+00
NFL Week 5 Betting And Beer	2020-10-10 07:38:17+00
Judge blocks Texas governor's order limiting mail ballot drop-off sites	2020-10-10 04:04:07+00
Miami Heat still alive in NBA Finals after thrilling 111-108 win over LA Lakers in Game 5	2020-10-10 06:46:48+00
This newlywed couple delivered flower arrangements from their wedding to those in need of a smile	2020-10-10 05:07:38+00
Trump credits swift treatment for his Covid-19 recovery	2020-10-10 04:51:27+00
Analysis: Fear sets in that Boris Johnson's Brexit government is ill equipped to handle a pandemic	2020-10-10 07:38:37+00
The Nobels honored 4 women this year. But the awards still lack diversity	2020-10-10 04:01:27+00
Several regions sound alarm as US reports most Covid-19 daily cases in nearly 2 months	2020-10-10 06:19:33+00
Barbie confronts racism in viral video and shows how to be a White ally	2020-10-10 06:04:57+00
Wisconsin police deploy tear gas as protests over Alvin Cole's death move into third night	2020-10-10 05:37:03+00
Comcast tests tech that enables gigabit upload speeds over cable	2020-10-10 03:59:04+00
HIGHLIGHTS: Hidalgo vs. La Grulla | High School Scoreboard Live	2020-10-10 05:55:46+00
Waskom Head Coach Whitney Kneeling Joins the Show | High School Scoreboard Live	2020-10-10 04:26:18+00
HIGHLIGHTS: Calallen vs. Tuloso Midway | High School Scoreboard Live	2020-10-10 05:54:47+00
Jimmy Butler leads Heat past Lakers in Game 5 with another gutsy triple-double	2020-10-10 04:36:38+00
HIGHLIGHTS: Southlake Carroll vs. Rockwall | High School Scoreboard Live	2020-10-10 04:06:08+00
HIGHLIGHTS: Georgetown vs. Cedar Park | High School Scoreboard Live	2020-10-10 05:10:13+00
Rey Mysterio excited to head back to SmackDown with Dominik: WWE Network Exclusive, Oct. 9, 2020	2020-10-10 03:38:00+00
The New Day split between Raw and SmackDown in WWE Draft: SmackDown, Oct. 9, 2020	2020-10-10 03:55:00+00
HIGHLIGHTS: San Angelo Central vs. A&M Consolidated | High School Scoreboard Live	2020-10-10 05:01:48+00
HIGHLIGHTS: Bells vs. Blue Ridge | High School Scoreboard Live	2020-10-10 04:23:07+00
HIGHLIGHTS: CC Miller vs. Alice | High School Scoreboard Live	2020-10-10 05:54:20+00
Jessie Armstead | UIL 100th Anniversary	2020-10-10 05:33:04+00
Play of the Night - 10.09.2020 | High School Scoreboard Live	2020-10-10 05:53:02+00
Duncan Robinson on his 26-point night, Heat's Game 5 win over Lakers	2020-10-10 04:12:02+00
Ashante “Thee” Adonis vs. Brian Kendrick: WWE 205 Live, Oct. 9, 2020	2020-10-10 04:21:00+00
Rays starter Tyler Glasnow on besting the Yankees in Game 5 to advance to ALCS	2020-10-10 03:32:52+00
Llano Head Coach Matt Green on the Win over Comfort | Football Friday	2020-10-10 03:47:08+00
HIGHLIGHTS: Cedar Ridge vs. Round Rock | High School Scoreboard Live	2020-10-10 05:07:39+00
HIGHLIGHTS: Rockport Fulton vs. Cinton | High School Scoreboard Live	2020-10-10 04:31:50+00
HIGHLIGHTS: Jasper vs. Rusk | High School Scoreboard Live	2020-10-10 05:21:09+00
HIGHLIGHTS: Gilmer vs. Spring Hill | High School Scoreboard Live	2020-10-10 05:20:45+00
HIGHLIGHTS: La Feria vs. Zapata | High School Scoreboard Live	2020-10-10 05:55:23+00
HIGHLIGHTS: Klein Collins vs. George Ranch | High School Scoreboard Live	2020-10-10 05:45:10+00
HIGHLIGHTS: Hermleigh vs. Aspermont | High School Scoreboard Live	2020-10-10 05:25:07+00
HIGHLIGHTS: Westlake vs. Del Valle | High School Scoreboard Live	2020-10-10 05:08:39+00
Virginia Officials Warn of Furry, Venomous Caterpillars: Should Other States Be Concerned?	2020-10-10 00:49:17+00
FREE AGENCY: Devils Agree to Terms with Crawford	2020-10-10 03:00:00+00
Trump returns to his usual programming — but his health remains a mystery	2020-10-10 02:39:33+00
South Carolina Senate debate scrapped after virus testing fight	2020-10-10 01:25:33+00
First footage from Hulu’s MODOK is Marvel by way of Robot Chicken	2020-10-10 01:02:08+00
New Demon Slayer movie details, U.S. release date plans revealed at NYCC 2020	2020-10-10 01:21:10+00
Hurricane Delta makes landfall in storm-battered Louisiana	2020-10-10 00:44:06+00
Biden calls Trump's COVID-19 actions 'reckless' - Reuters	2020-10-10 00:39:26+00
At Louisiana 'mega' storm shelter, pandemic worries limit admissions - Reuters India	2020-10-10 03:42:00+00
Brazil score five against Bolivia in World Cup win - Reuters UK	2020-10-10 02:47:00+00
Brosseau's homer lifts Rays past Yanks to seal ALDS	2020-10-10 02:46:42+00
UPDATE 1-Red Sox owner to take Fenway Sports public through merger with RedBall - source - Reuters UK	2020-10-10 01:41:00+00
Japan sends three vessels to South China Sea in anti-submarine exercise - Reuters UK	2020-10-10 03:16:00+00
Red Sox owner to take Fenway Sports public through merger with RedBall - WSJ - Reuters	2020-10-10 00:50:20+00
Britain, EU agree to pursue mini-deals if talks fail next week: The Times - Reuters.com	2020-10-10 00:09:00+00
NZ's Barrett out of Bledisloe test against Australia - Reuters	2020-10-10 01:54:00+00
Jakarta cleans up after violent anti-labor law protests	2020-10-10 03:38:46+00
Supreme Court pick Barrett signed second anti-abortion ad	2020-10-10 04:31:59+00
China's classical music festival to feature Wuhan musicians	2020-10-10 07:38:41+00
White House ups virus aid offer, resumes talks with Pelosi	2020-10-10 04:44:36+00
Pakistan bans Chinese app TikTok over unlawful content	2020-10-10 05:39:59+00
'It is literally horrific': Nobel Peace Prize winner fights growing hunger emergency	2020-10-10 02:50:43+00
Today in History	2020-10-10 04:00:34+00
Report: 29 million girls, women victims of modern slavery	2020-10-10 07:14:17+00
Taiwan's leader hopes for reduced tensions with China	2020-10-10 03:51:17+00
Lithuanians to choose new parliament amid virus tensions	2020-10-10 06:57:07+00
Asia Today: India cases approach 7 million amid slower pace	2020-10-10 05:14:03+00
The Latest: India's caseload nears 7 million as pace slows	2020-10-10 04:39:54+00
Philippines arrests woman suspected of planning suicide attack	2020-10-10 06:09:46+00
Dutch FM: International cooperation is worth fighting for	2020-10-10 06:14:41+00
HK arrests nine people suspected of helping 12 detained in China	2020-10-10 05:04:48+00
The Latest: India's caseload nears 7 million as pace slows	2020-10-10 04:32:55+00
Asia Today: India cases approach 7 million amid slower pace	2020-10-10 05:13:34+00
Cornyn, Hegar clash over virus, court in Texas Senate debate	2020-10-10 03:36:41+00
With whipping winds, Delta drenches Louisiana, Mississippi	2020-10-10 07:08:30+00
Rays Get Revenge in Epic Fashion to Oust One-Dimensional Yankees in ALDS	2020-10-10 06:21:13+00
Lakers' LeBron James: Danny Green 'Had a Hell of a Look' to Win Game 5	2020-10-10 04:35:38+00
Frank Vogel: Lakers Hurt by 2 Bad Foul Calls vs. Jimmy Butler Late in Game 5	2020-10-10 05:07:18+00
French Open 2020: Women's Final Schedule, Prediction and Prize Money	2020-10-10 06:07:15+00
ALCS Bracket 2020: TV Schedule, Early Odds and Predictions	2020-10-10 04:06:47+00
Anthony Davis 'Battling Through' Heel Injury in Finals, Says Lakers' Frank Vogel	2020-10-10 04:23:49+00
Jimmy Butler and the Miami Heat Aren't Going Down Without a Fight	2020-10-10 06:07:15+00
Covid Tests Come Quickly in Britain, If You Can Pay	2020-10-10 06:00:01+00
Qantas 'Full-Day' Flight to Nowhere Takes Off to Battle Slump	2020-10-10 04:43:44+00
Fed's Bullard Says Enough Resources With Expected Labor Rebound	2020-10-10 03:19:45+00
Barrett Says She Signed Ad Decrying Roe v. Wade as ‘Infamous’	2020-10-10 03:41:57+00
Hong Kong to Demand New Civil Servants' Allegiance, RTHK Reports	2020-10-10 06:31:59+00
Downgraded Delta Still Pummels Storm-weary Louisiana	2020-10-10 06:11:49+00
Dog Days of Coronavirus May Bring Germany a Canine Cash Windfall	2020-10-10 06:00:00+00
Hong Kong Police Arrest 9 for Aiding Fleeing Activists: Ming Pao	2020-10-10 05:57:41+00
Indonesian Police Nab Thousands Protesting New Law, Antara Says	2020-10-10 03:31:00+00
Heat Force Game 6, Top Lakers to Stave Off Elimination	2020-10-10 03:52:34+00
Tsai Vows to Defend Taiwan, Calls for Dialogue With China	2020-10-10 04:10:13+00
Pompeo Says China Has Deployed 60,000 Soldiers on Indian Border	2020-10-10 06:54:26+00
Google launches Meet breakout rooms for small group discussions	2020-10-10 07:01:20+00
Michael Neser launches season with five but Beau Webster lifts Tasmania	2020-10-10 07:28:38+00
Details of Amy Coney Barrett's Monday confirmation hearing released	2020-10-10 04:00:52+00
Maher slams California's 'super-high taxes,' cites Joe Rogan, Ben Shapiro as part of state's 'exodus'	2020-10-10 03:57:04+00
Heat force Game 6, top Lakers to stave off elimination	2020-10-10 04:26:16+00
Alexa, Carlos PenaVega discuss leaving LA for a Christian life: ‘We never fit the Hollywood mold’	2020-10-10 04:49:30+00
C-SPAN's Steve Scully breaks silence, thanks debate commission as Trump-Biden event is canceled	2020-10-10 07:32:49+00
Live Updates: Hurricane Delta makes landfall on Louisiana coast	2020-10-10 06:26:26+00
Biden has immigrants, advocates hoping for reversal of Trump's border policies	2020-10-10 05:34:33+00
HIGHLIGHTS: Shiner vs. Wimer | High School Scoreboard Live	2020-10-10 04:32:19+00
HIGHLIGIHTS: Mansfield Lake Ridge vs. Denton Guyer | High School Scoreboard Live	2020-10-10 04:09:32+00
HIGHLIGHTS: Christoval vs. Rock Springs | High School Scoreboard Live	2020-10-10 05:25:51+00
HIGHLIGHTS: Coppell vs. Highland Park | High School Scoreboard Live	2020-10-10 04:03:08+00
HIGHLIGHTS: Tomball Memorial vs. Deer Park | High School Scoreboard Live	2020-10-10 05:45:47+00
HIGHLIGHTS: MIdland Lee Rolls With the Win | High School Scoreboard Live	2020-10-10 05:01:24+00
HIGHLIGHTS: Raymondville vs. Victoria West | High School Scoreboard Live	2020-10-10 04:31:20+00
Erik Spoelstra breaks down win, Jimmy Butler's gutsy triple-double performance	2020-10-10 04:12:27+00
The Fiend comes calling for Kevin Owens in huge Friday Night SmackDown	2020-10-10 03:07:07+00
Roy Williams | UIL 100th Anniversary	2020-10-10 04:58:04+00
Militia expert: Trump’s comments were ‘call to arms’ to white power extremists	2020-10-10 03:37:17+00
Trump falsely claims he's cured and plans new campaign events	2020-10-10 03:15:03+00
Glenn Kirschner: Trump’s alleged engineering of a sudden cash windfall in 2016 ‘looks potentially criminal’	2020-10-10 02:54:39+00
White House killed CDC order requiring masks on public and commercial transportation: NYT	2020-10-10 04:02:55+00
Judge blocks order limiting Texas ballot drop-off locations	2020-10-10 06:18:47+00
Olympic gymnast Laurie Hernandez shares inspiration behind new documentary	2020-10-10 03:50:49+00
Donald Trump Pulls Out of Virtual Debate, Proposes Delay	2020-10-10 05:47:01+00
HIGHLIGHTS: Franklin vs. Rogers | High School Scoreboard Live	2020-10-10 04:24:00+00
The New Day vs. Shinsuke Nakamura & Cesaro – SmackDown Tag Team Championship Match: SmackDown, Oct. 9, 2020	2020-10-10 03:46:00+00
Big E vs. Sheamus – Falls Count Anywhere Match: SmackDown, Oct. 9, 2020	2020-10-10 03:35:00+00
HIGHLIGHTS: Seven Lakes vs. Katy | High School Scoreboard Live	2020-10-10 05:46:25+00
Seth Rollins set to be “SmackDown’s Savior”: WWE Network Exclusive, Oct. 9, 2020	2020-10-10 03:10:00+00
The New Day separated in shocking development in WWE Draft	2020-10-10 04:20:29+00
HIGHLIGHTS: Ennis vs. Waxahachie | High School Scoreboard Live	2020-10-10 05:34:57+00
Kevin Cash talks Mike Brosseau’s go-ahead home run after Rays 2-1 Game 5 win over Yankees	2020-10-10 03:32:52+00
Rider Head Coach Marc Bindel Joins the Show | High School Scoreboard Live	2020-10-10 04:42:40+00
Kevin Owens vs. The Fiend: SmackDown, Oct. 9, 2020	2020-10-10 03:17:00+00
HIGHLIGHTS: Gunter vs. Leonard | High School Scoreboard Live	2020-10-10 04:22:38+00
HIGHLIGHTS: Hirschi vs. Rider | High School Scoreboard Live	2020-10-10 04:41:51+00
dp test 23	2020-10-10 04:04:23+00
TV Anime Mushoku Tensei: Jobless Reincarnation Newly Set to Premiere in January 2021	2020-10-10 07:10:25+00
Kaworu's New Visual for Evangelion Manga Collector's Edition Revealed	2020-10-10 05:10:33+00
"Gintama THE FINAL Movie Releases Trailer Featuring Theme Song ""Wadachi"" by SPYAIR"	2020-10-10 04:00:38+00
dp test 24	2020-10-10 04:06:40+00
Re:ZERO OP Singer Konomi Suzuki Goes on Hiatus to Repair Her Voice	2020-10-10 07:43:49+00
Keilar: This response from Pence would've embarrassed Pinocchio - CNN	2020-10-10 03:52:51+00
Miami Heat vs. Los Angeles Lakers [GAME 5 HIGHLIGHTS] | 2020 NBA Finals - ESPN	2020-10-10 03:49:02+00
Check Out OP & ED Songs in Grisaia: Phantom Trigger The Animation StarGazer's New Trailer	2020-10-10 06:10:01+00
Tim Legler breaks down Jimmy Butler's epic Game 5 triple-double to keep Heat alive | SportsCenter - ESPN	2020-10-10 04:51:22+00
Quake 1.2.1 - Quake port released on MacOS X 10.0. (Free)	2020-10-10 03:59:59+00
HEAT at LAKERS | FULL GAME HIGHLIGHTS | October 9, 2020 - NBA	2020-10-10 03:44:58+00
The Passage Review: Fox's Vampire Series Takes a Bite Out of Comic-Con	2020-10-10 06:40:49+00
Manage your kid's digital learning with this interactive app	2020-10-10 04:00:00+00
This popular VPN is extending annual subscriptions for free	2020-10-10 04:30:00+00
Trump campaign tainted by personal legal, financial desperation	2020-10-10 04:28:24+00
Trump plans White House event as White House Covid outbreak spreads	2020-10-10 03:22:31+00
Public health luminary encourages CDC director Redfield to stand up to Trump	2020-10-10 04:19:38+00
Susan Page on moderating VP debate: I'm still not checking Twitter	2020-10-10 03:26:56+00
Biden sounds alarm on Trump election attacks: We must win big	2020-10-10 03:52:03+00
Ukraine reports record daily jump in coronavirus deaths - Reuters	2020-10-10 06:29:00+00
Trump to campaign in Florida on Monday: campaign - Reuters India	2020-10-10 03:47:00+00
South Sudan to change currency to improve economy - government spokesman - Reuters India	2020-10-10 03:52:00+00
Butler, Heat fend off Lakers, send Finals to Game 6	2020-10-10 03:55:54+00
Smith wary of playing out-of-practice Stokes on Sunday - Reuters	2020-10-10 06:59:00+00
Cricket-Smith wary of playing out-of-practice Stokes on Sunday - Reuters India	2020-10-10 06:28:00+00
Soccer-Singapore Premier League to resume on Oct. 17 - Reuters UK	2020-10-10 04:41:00+00
South Sudan to change currency to improve economy - government spokesman	2020-10-10 03:50:17+00
Taiwan president calls for 'meaningful dialogue' with China	2020-10-10 03:50:03+00
Australia reports no COVID-19 deaths for third day, hotspot faces longer lockdown - Reuters India	2020-10-10 03:57:00+00
Kyrgyz parliament set to meet, discuss new govt. amid unrest	2020-10-10 06:50:14+00
FIA approves ban on Racing Point-style 'reverse engineering' - Reuters India	2020-10-10 03:57:00+00
Germany's confirmed coronavirus cases up 4,721 to 319,381 - RKI - Reuters UK	2020-10-10 07:16:00+00
North Korea appears to hold anniversary military parade, South Korea says - Reuters UK	2020-10-10 04:46:00+00
Smith wary of playing out-of-practice Stokes on Sunday - Reuters UK	2020-10-10 06:41:00+00
Bangladesh weighs death penalty for rapists as protests flare - Reuters	2020-10-10 07:23:00+00
Hong Kong police arrest nine suspected of helping 12 held in China - Reuters India	2020-10-10 04:02:00+00
UPDATE 1-Lessors oppose Malaysia Airlines restructuring plan -letter - Reuters	2020-10-10 04:06:00+00
'You live with it' LeBron says after Green's miss - Reuters	2020-10-10 06:18:00+00
Australia reports no COVID-19 deaths for third day, hotspot faces longer lockdown	2020-10-10 03:45:29+00
No pain, no gain for Nadal - Reuters India	2020-10-10 03:53:00+00
Italy creates new company to press ahead with Alitalia nationalisation plan - Reuters UK	2020-10-10 07:35:00+00
Rugby-Hooper acknowledges 'strange' buildup to 100th test - Reuters UK	2020-10-10 03:51:00+00
Soccer-England's Grealish delighted by Gascoigne comparisons - Reuters UK	2020-10-10 03:51:00+00
Fire breaks out at Tehran metro station; no casualties - Mehr - Reuters India	2020-10-10 06:58:00+00
Colombia overrun Venezuela with three first-half goals - Reuters India	2020-10-10 03:52:00+00
Hooper acknowledges 'strange' buildup to 100th test - Reuters.com	2020-10-10 04:09:00+00
Ukraine reports record daily jump in coronavirus deaths - Reuters India	2020-10-10 06:58:00+00
Trump plans return to campaign with first public event since COVID-19 diagnosis - Reuters Canada	2020-10-10 06:54:00+00
Iranian composer and opposition figure Shajarian buried near national poet - Reuters India	2020-10-10 06:58:00+00
Ceasefire due to enter force in Nagorno-Karabakh after Moscow deal - Reuters India	2020-10-10 07:43:00+00
NFL: Jets players, coaches test negative for coronavirus	2020-10-10 06:34:30+00
'You live with it' LeBron says after Green's miss	2020-10-10 06:17:04+00
North Korea appears to have held anniversary military parade - South's military - Reuters India	2020-10-10 05:22:00+00
Man City have financial muscle to pull off Messi deal, says COO Berrada - Reuters India	2020-10-10 06:13:00+00
Soccer: Rapids-Galaxy game postponed after positive COVID-19 test	2020-10-10 06:43:50+00
Lessors oppose Malaysia Airlines restructuring plan - letter - Reuters India	2020-10-10 04:17:00+00
England's Grealish delighted by Gascoigne comparisons - Reuters India	2020-10-10 04:03:00+00
England's Grealish delighted by Gascoigne comparisons - Reuters UK	2020-10-10 04:07:00+00
Butler scores 35 as Heat stave off elimination - Reuters	2020-10-10 04:27:00+00
Swiss hostage in Mali killed: Swiss foreign ministry - Reuters India	2020-10-10 03:47:00+00
Kyrgyz parliament set to meet, discuss new government amid unrest - Reuters UK	2020-10-10 05:47:00+00
Iranian composer and opposition figure Shajarian buried near national poet	2020-10-10 06:47:14+00
England boss Southgate fears changes to Euro 2020 format due to COVID-19 - Reuters India	2020-10-10 04:22:00+00
Iranian composer and opposition figure Shajarian buried near national poet - Reuters UK	2020-10-10 06:51:00+00
UPDATE 2-N.Korea holds rare predawn military parade, S.Korea says	2020-10-10 05:52:35+00
Trump plans return to campaign with first public event since COVID-19 diagnosis	2020-10-10 06:58:05+00
Colombia overrun Venezuela with three first-half goals	2020-10-10 05:51:10+00
Trump steel tariffs bring job losses to swing state Michigan - Reuters India	2020-10-10 04:02:00+00
Soccer: Rapids-Galaxy game postponed after positive COVID-19 test - Reuters UK	2020-10-10 06:36:00+00
China's Xi says intends to deepen relations with North Korea: KCNA - Reuters India	2020-10-10 03:58:00+00
Kyrgyz parliament set to meet, discuss new government amid unrest - Reuters India	2020-10-10 06:13:00+00
North Korea appears to have held anniversary military parade: South's military - Reuters	2020-10-10 04:30:00+00
Singapore Premier League to resume on Oct. 17 - Reuters UK	2020-10-10 05:46:00+00
Indonesian team probing deadly Papua shootings attacked - Reuters India	2020-10-10 07:03:00+00
Brazil score five against Bolivia in World Cup win - Reuters India	2020-10-10 03:53:00+00
Fire breaks out at Tehran metro station; no casualties - Mehr - Reuters India	2020-10-10 05:27:00+00
Fire breaks out at Tehran metro station; no casualties: Mehr - Reuters Africa	2020-10-10 05:29:00+00
iPhone 12: 10 big changes Apple is set to make to the iPhone	2020-10-10 06:00:12+00
Flipkart Smart Upgrade Plan - Smart way to purchase your next Samsung smartphone	2020-10-10 05:44:05+00
Faith and Reason in Dostoevsky	2020-10-10 04:01:26+00
Treat Your Smartphone Like Hannibal Lecter	2020-10-10 04:01:57+00
Washington Should Stop Pretending to Be Turkey’s Ally	2020-10-10 04:01:03+00
Europe Looks Backwards on Agriculture, Endangers a Trade Deal With the U.S.	2020-10-10 04:01:40+00
Countering Chinese influence in multinational organizations | TheHill - The Hill	2020-10-10 04:10:00+00
Carolyn Hax: Grandma’s Bozo-chic aesthetic in children’s clothes	2020-10-10 03:59:00+00
Fans are roasting Markieff Morris and Danny Green after Lakers' loss	2020-10-10 04:04:50+00
Police detain protesters in Russian city of Khabarovsk	2020-10-10 10:23:17+00
Candace Owens group pays for some attendees' travel to Trump's White House event	2020-10-10 08:02:23+00
Nagorno-Karabakh conflict: Shelling, suffering and propaganda	2020-10-10 10:46:28+00
US: Fauci calls White House event a coronavirus ‘superspreader’	2020-10-10 07:54:29+00
Fuel tank explosion in Lebanon capital kills four	2020-10-10 10:49:14+00
Fighting for Palestine	2020-10-10 10:51:21+00
Kyrgyzstan parliament to discuss new government amid unrest	2020-10-10 09:56:20+00
Footballer Rashford on UK honours list for school meals campaign	2020-10-10 08:31:40+00
Russia reports record single-day rise in coronavirus cases	2020-10-10 11:25:06+00
Kept in chains: People with mental illness shackled in 60 nations	2020-10-10 09:12:34+00
The Greek anti-fascist struggle is far from over	2020-10-10 08:13:39+00
‘I was chained for 11 months’: Living with depression in Liberia	2020-10-10 10:05:52+00
Switzerland says its national held hostage in Mali killed	2020-10-10 08:28:59+00
The Remandee: Indefinite detention in Zambia	2020-10-10 09:44:25+00
Who will pay to deliver vaccines to the world’s poorest?	2020-10-10 07:54:05+00
Israel to 'immediately' bring over 2,000 Ethiopian Jews	2020-10-10 08:08:34+00
China's classical music festival to feature Wuhan musicians	2020-10-10 07:33:35+00
With Americans anxious to go out, walking tours pick up pace	2020-10-10 09:00:17+00
Fans cheer return of NBA broadcasts in China	2020-10-10 09:07:09+00
Debate-Site Covid Cases Sow Doubt on Safety of Indoor Events	2020-10-10 10:00:00+00
Police Detain Protesters in Russian City of Khabarovsk	2020-10-10 10:23:05+00
EU Wants to Use Green Stimulus To Clean Up CO2-Spewing Buildings	2020-10-10 07:31:31+00
Trump to Resume Public Events Starting Saturday at White House	2020-10-10 10:00:00+00
Denmark Agrees to Let Banks Fund Early Retirement for Workers	2020-10-10 10:14:27+00
Standard Chartered Applies to Set Up Securities Firm in China	2020-10-10 10:38:17+00
Singaporeans Mainly Unconcerned With Foreign Workers, Poll Shows	2020-10-10 09:12:03+00
North Korea Appears to Have Held Rare Predawn Military Parade	2020-10-10 08:22:59+00
Lithuanians to Choose New Parliament Amid Virus Tensions	2020-10-10 06:55:22+00
Trump's Hurdles to Stimulus Climb After Abrupt Tactical Shift	2020-10-10 10:00:00+00
Mayor Says Parents Fear for Children After Migrant Centre Becomes Crime Hotspot	2020-10-10 09:12:27+00
Delingpole: Another Conservative Prof Cancelled; Blames Black Lives Matter 'Moral Panic'	2020-10-10 08:41:39+00
Russians Broker Ceasefire Between Armenians and Azeris in Nagorno-Karabakh	2020-10-10 09:52:08+00
Iraqi Convicted of Beheading Swedish Teen Pleads Innocence at Appeal	2020-10-10 10:18:46+00
Muslim Imam Arrested in Huge Child Pornography Bust	2020-10-10 09:35:01+00
Take an exclusive tour of this $4 million Bugatti, which will run you $10,000 for a set of tires alone	2020-10-10 11:43:00+00
The S&P 500 could gain 25% by year-end regardless of whether there is a red, or blue wave, as a strong majority will approve stimulus more easily, TradingView says	2020-10-10 10:00:00+00
'The largest financial crisis in history': A 47-year market vet says the COVID-19 crash was merely a 'fake-out sell-off' — and warns of an 80% stock plunge fraught with bank failures and bankruptcies	2020-10-10 10:05:00+00
REVIEW: The Toyota RAV4 Prime plug-in hybrid is perfect for those who want an EV but can't quite commit yet	2020-10-10 11:09:00+00
Eye Opener: Hurricane Delta slams Gulf Coast before weakening	2020-10-10 11:49:59+00
Monica Roberts, a Black trans journalist who covered the killings of trans women before national media did, dies at 58	2020-10-10 07:57:56+00
Why the Electoral College has long been controversial	2020-10-10 10:59:42+00
Scotland's whisky islands are dealing with an almighty Covid hangover	2020-10-10 08:10:30+00
Marcus Rashford awarded MBE in Queen's Birthday honors list	2020-10-10 10:45:53+00
Laws ending no-knock warrants after Breonna Taylor's death are 'a big deal' but not enough	2020-10-10 10:03:42+00
Frozen out by Arsenal, Mesut Ozil is proving an expensive problem for the club	2020-10-10 11:38:42+00
How Joe Biden is actually a good politician	2020-10-10 11:41:11+00
These mental health crises ended in fatal police encounters. Now, some communities are trying a new approach	2020-10-10 09:05:58+00
Tropical Storm Delta brings heavy rain and flood threats to Tennessee Valley after slamming US Gulf Coast	2020-10-10 08:50:25+00
Biden enters final weeks in commanding position as Trump wastes precious days	2020-10-10 09:35:55+00
Covid-19 is worsening homelessness and housing insecurity. Here's how you can help	2020-10-10 07:59:18+00
What I want my sons to learn from their great-grandfather's WWII survival	2020-10-10 09:37:16+00
What to do if your right to vote is challenged by a poll watcher	2020-10-10 11:26:54+00
Ben Stokes boost for struggling Rajasthan Royals against rejuvenated Sunrisers Hyderabad	2020-10-10 11:34:50+00
Kings XI Punjab vs Kolkata Knight Riders: Rolling Report	2020-10-10 08:34:05+00
Darren Gough recognised with MBE in Queen's birthday honours	2020-10-10 10:57:06+00
Western Australia take the honours despite Lloyd Pope's haul	2020-10-10 08:03:07+00
Where and when to watch KXIP vs KKR live match at 3.30 PM IST on October 10, 2020	2020-10-10 09:03:19+00
Shimron Hetmyer - 'Ricky Ponting helping me become a better finisher'	2020-10-10 08:53:38+00
Sunrisers Hyderabad vs Rajasthan Royals, IPL 2020, Fantasy Pick, team predictions	2020-10-10 11:44:54+00
How to utilize your frequent flyer miles this year even if you’re not buying plane tickets	2020-10-10 11:00:00+00
Why investors shouldn’t necessarily care who wins the White House in November	2020-10-10 11:30:00+00
‘Braveheart’ Angus Macfadyen recalls filming with Mel Gibson, reprising his role in ‘Robert the Bruce’	2020-10-10 09:00:43+00
Louisiana archbishop blasts 'demonic' sex act in church, orders altar removed, burned	2020-10-10 10:34:08+00
Sexy Vegetables	2020-10-10 09:00:22+00
Democrat leaves Capitol Hill to start intelligence wire for CEOs	2020-10-10 11:10:35+00
Live updates: 2020 Election: Trump plans return to campaign trail after coronavirus diagnosis	2020-10-10 08:32:29+00
Escaped Kentucky inmate eludes police in southern Indiana	2020-10-10 09:58:49+00
FOX News Rundown Extra: President Trump Say He Feels Better. Here’s What Treatments He Received.	2020-10-10 09:00:01+00
State of the 2020 battlegrounds: Can Biden snap GOP's winning streak in Georgia?	2020-10-10 11:28:20+00
Live updates: Trump to hold first in-person White House event since coronavirus diagnosis	2020-10-10 08:53:12+00
Amy Coney Barrett to face tough questioning from Dems over abortion	2020-10-10 11:43:08+00
Case Closed - Episode 984 - Kid vs. Komei: The Targeted Lips (Part Two)	2020-10-10 11:30:00+00
Watchdog Group Calls for Hearings on Donald Trump's 'Anti-Democratic Conduct'	2020-10-10 04:05:16+00
Hurricane Delta Makes Landfall, Is Strongest Storm Named for Greek Alphabet In History	2020-10-10 04:04:17+00
Man Gets 16 Months in Prison Over Stolen Valor Government Fraud Scheme	2020-10-10 04:09:02+00
Mega Millions Results, Numbers for 10/09/20: Did Anyone Win the $60 Million?	2020-10-10 07:22:52+00
Iranian composer and opposition figure Shajarian buried near national poet - Reuters	2020-10-10 06:49:00+00
Man Utd's Cavani hoping to do justice to iconic No. 7 shirt - Reuters UK	2020-10-10 07:42:00+00
Australia reports no COVID-19 deaths for third day, hotspot faces longer lockdown - Reuters.com	2020-10-10 03:46:00+00
Soccer-Casemiro says Brazil deserve congratulations after 5-0 win - Reuters UK	2020-10-10 03:46:00+00
Man City have financial muscle to pull off Messi deal, says COO Berrada - Reuters UK	2020-10-10 05:47:00+00
UK temporarily recalling its ambassador to Belarus - Reuters India	2020-10-10 03:47:00+00
Butler scores 35 as Heat stave off elimination - Reuters Canada	2020-10-10 04:28:00+00
Hong Kong police arrest nine suspected of helping 12 held in China - Reuters.com	2020-10-10 03:47:00+00
Here are the top two things Americans want in the next stimulus package	2020-10-10 04:15:10+00
NBA Finals: Jimmy Butler's triple-double leads Heat past Lakers to force Game 6	2020-10-10 03:57:15+00
Opinion: Even though Lakers lost Game 5, LeBron James made the right call on final play	2020-10-10 07:28:23+00
NBA Finals: Lakers' Anthony Davis says he's fine to play Game 6 despite injury scare	2020-10-10 05:19:54+00
NBA Finals: Heat stay alive with Game 5 win, set sites on more	2020-10-10 05:59:30+00
NFL Network taking insider Ian Rapoport off air for two weeks over social media post	2020-10-10 04:40:07+00
Opinion: Jimmy Butler has Heat confident in potential comeback vs. Lakers in NBA Finals	2020-10-10 06:48:27+00
Opinion: Mike Brosseau powers Rays into ALCS by getting revenge vs. Yankees' Aroldis Chapman	2020-10-10 06:26:57+00
Monkey ‘Gang Wars’ Keep Killing People in India	2020-10-10 07:33:41+00
Trump's COVID-19 treatment developed using cells originally drawn from fetal tissue - ABC News	2020-10-10 00:25:21+00
New Zealand PM votes a week before polls close in election	2020-10-10 09:00:02+00
With Americans anxious to go out, walking tours pick up pace	2020-10-10 09:00:45+00
Israel to 'immediately' bring over 2,000 Ethiopian Jews	2020-10-10 08:09:02+00
Kyrgyzstan bans rallies, imposes curfew to end turmoil	2020-10-10 11:31:05+00
Freed Malian politician details months as al-Qaida hostage	2020-10-10 10:12:30+00
Biden dodges court-packing questions as SCOTUS nomination moves forward	2020-10-10 10:03:49+00
Meeting the moment: Queen Elizabeth honors pandemic's heroes	2020-10-10 10:06:47+00
The Latest: Delta rapidly weakening as it moves inland	2020-10-10 08:54:15+00
Giro contender Yates tests positive for virus and withdraws	2020-10-10 08:43:29+00
Police detain protesters in Russian city of Khabarovsk	2020-10-10 10:22:45+00
Freed Malian politician details months as al-Qaida hostage	2020-10-10 10:10:58+00
Trump says he's off coronavirus treatment medication - Axios	2020-10-10 02:07:45+00
Top 5 mail voting mistakes (and how to avoid them)	2020-10-10 11:00:27+00
French Open 2020 Men's Final: Novak Djokovic vs. Rafael Nadal Predictions	2020-10-10 11:06:32+00
Should LeBron James Have Taken Potential Finals-Clinching Shot Himself?	2020-10-10 11:52:27+00
Every MLB Team's Biggest Dilemma of the 2020 Offseason	2020-10-10 11:06:32+00
Fantasy Football Week 5 Rankings: Examining Lineup Options After Injury Reports	2020-10-10 11:06:32+00
UFC Fight Night 179: Moraes vs. Sandhagen Odds, Schedule, Predictions	2020-10-10 11:06:32+00
The Contract Every NBA Team Wishes Could Disappear	2020-10-10 11:06:32+00
NHL Free Agency 2020: Rumors and Predictions for Taylor Hall, Alex Pietrangelo	2020-10-10 11:05:11+00
Jimmy Butler on Heat's Game 5 Finals Win over Lakers: 'We're Built for This'	2020-10-10 11:52:27+00
MLB Postseason 2020: Breaking Down Dodgers vs. Braves Keys to Winning NLCS	2020-10-10 11:06:32+00
College Football Rankings 2020: Reviewing NCAA Week 6 Standings Before Saturday	2020-10-10 11:06:32+00
ECB's Schnabel Tells Germany Not to Fear Rising Public Debt	2020-10-10 08:35:33+00
Bloomberg New Economy: U.S. Beats China When It Comes to Global Disdain	2020-10-10 10:45:01+00
EU May Weigh Creating a Network of Bad Banks	2020-10-10 09:55:07+00
Images of war: 2-weeks of brutal fighting between Armenia and Azerbaijan left hundreds dead before ceasefire declared	2020-10-10 08:40:47+00
Britain, France, and Germany said they will sanction Russia over Alexei Navalny's poisoning. Putin won't care.	2020-10-10 08:14:00+00
A Joe Biden presidency would repair most of the damage Trump has done to America's historic alliance with Europe	2020-10-10 10:45:00+00
A chief investment strategist explains why making short-term bets ahead of the election is a risky strategy	2020-10-10 10:40:00+00
2 limos JFK rode in are up for sale this month, including one that transported him on the day of his death	2020-10-10 11:42:00+00
Nancy Pelosi says Trump's coronavirus medication has him in 'altered state' as she threatens legislation to remove him from office	2020-10-10 11:40:22+00
BMO Harris review: A solid brick-and-mortar bank with competitive interest rates on CDs	2020-10-10 10:35:00+00
Tech is coming to eat the $200 billion management-consulting industry's lunch. Here's a look at 4 factors disrupting how elite firms like BCG and McKinsey do business.	2020-10-10 11:30:00+00
More patients want to join antibody drug trials after Trump's coronavirus treatment — though we don't know yet if it actually helps COVID-19	2020-10-10 11:21:25+00
Dutch civil servants now get $2 a day to cover coffee and toilet paper while remote working — and you should ask your boss for the same, a financial institution says	2020-10-10 08:15:00+00
Barclays shares 7 UK stocks to buy with positive catalysts in the fourth quarter -- and the 2 stocks to avoid at all costs	2020-10-10 10:00:00+00
President Trump says he would 'love' to donate his plasma to COVID-19 patients	2020-10-10 10:00:20+00
This founder took her vegan snacks brand from $1.3 million to $52 million in retail sales value over a decade. She says naivety is the secret weapon for success.	2020-10-10 11:01:00+00
You may love your dogs' faces, but they don't particularly care for yours. Canines would rather look at other dogs, new research shows.	2020-10-10 11:17:00+00
Apple event Oct. 13, Facebook's election prep	2020-10-10 11:00:03+00
Yashahime: Princess Half-Demon - Episode 2 - The Three Princesses	2020-10-10 10:00:00+00
MAJOR SECOND Season 2 - Episode 21 - Lock On!	2020-10-10 11:00:00+00
19 home security deals this weekend, including cameras, smart locks, and more	2020-10-10 09:00:00+00
Save an extra 20% on VPNs, password managers, and cloud storage	2020-10-10 09:00:00+00
20 fan favorite products for 20% off this weekend	2020-10-10 09:00:00+00
15 adorable Funko Pop! figures on sale this weekend	2020-10-10 09:00:00+00
20 great deals on Bluetooth earbuds this weekend	2020-10-10 09:00:00+00
A Great Country Album from the Rust Belt	2020-10-10 10:30:45+00
Why Johnny Still Can’t Read	2020-10-10 10:30:32+00
GoodFellas Forever	2020-10-10 10:30:20+00
Philip Guston and the KKK: Museums Cower and Run for Cover	2020-10-10 10:30:47+00
Yes, Hillary Clinton Orchestrated the Russia-Collusion Farce	2020-10-10 10:30:36+00
Fall Tradition Says We Should Have a Halloween Free-Speech Controversy — Let’s Not	2020-10-10 10:30:03+00
Taiwan calls for 'meaningful dialogue' with China amid heightened military tensions	2020-10-10 11:01:27+00
The hunt for Michigan's lost Democrats: Can Biden lure them back?	2020-10-10 11:01:25+00
Why I'm in a Covid vaccine trial, and how it honors my father	2020-10-10 08:30:06+00
As pandemic shutters cinemas, oldest movie theater in the world tries to buck the trend	2020-10-10 11:01:19+00
She's made history as an Olympic gymnast. She's also healing from abuse.	2020-10-10 11:01:16+00
She bootstrapped her company after facing bias. Now she's helping others do the same.	2020-10-10 09:15:09+00
Armenia and Azerbaijan agree on cease-fire in Nagorno-Karabakh	2020-10-10 08:48:04+00
Artists conflicted over federal duck art contest rule requiring hunting imagery	2020-10-10 10:00:05+00
Federal Judge Blocks Texas Gov. Abbott's Order to Reduce Mail-in Ballot Locations to One-Per-County	2020-10-10 08:32:16+00
Trump Says He's Been Retested for COVID and Doesn't Know the Results: 'I'm Either at the Bottom of the Scale or Free'	2020-10-10 10:47:56+00
Halloween Movies on Disney+ For Those Who Don't Like Horror Films	2020-10-10 10:00:02+00
Lindsey Graham Says Young Black People 'Can Go Anywhere' in South Carolina, as Long as They're Conservative	2020-10-10 09:00:01+00
Newborn Tests Negative After First-Time Mother Gets COVID-19 Ahead of Due Date	2020-10-10 10:12:02+00
Why Prince Harry and Meghan Markle are Planning to Spend New Year in U.K.	2020-10-10 10:58:29+00
The Trump Taxes Story Exposes a Glaring Hole in Biden’s Criminal Justice Platform	2020-10-10 11:00:48+00
The Time Nixon’s Cronies Tried to Overturn a Presidential Election	2020-10-10 11:00:28+00
‘Forgotten’ Pennsylvania region holds key to Trump’s fate	2020-10-10 11:00:36+00
Feds may target Google’s Chrome browser for breakup	2020-10-10 11:00:50+00
RPT-Germany's confirmed coronavirus cases up 4,721 to 319,381 - RKI - Reuters	2020-10-10 09:24:00+00
"Italy business lobby sees 10% GDP contraction this year, ""partial"" rebound in 2021 - Reuters.com"	2020-10-10 08:44:00+00
Malaysia Airlines boss says may have to shut down if restructuring plan fails -report - Reuters	2020-10-10 08:16:00+00
Philippines records 2,249 new coronavirus cases, 87 more deaths - Reuters India	2020-10-10 08:13:00+00
Casemiro says Brazil deserve congratulations after 5-0 win - Reuters UK	2020-10-10 04:02:00+00
Kyrgyzstan president reshuffles security officials	2020-10-10 10:57:48+00
Kyrgyz parliament set to meet, discuss new government amid unrest	2020-10-10 05:44:58+00
England boss Southgate fears changes to Euro 2020 format due to COVID-19 - Reuters UK	2020-10-10 04:12:00+00
Warren Buffett gave investing advice to Bob Woodward, bought Microsoft stock after meeting Bill Gates, and made a $37 billion deal thanks to a chance meeting. Here are his 10 best quotes from an interview in a new book.	2020-10-10 10:30:00+00
North Korea appears to hold anniversary military parade, South Korea says - Reuters India	2020-10-10 04:48:00+00
If You've Read Over 28 Of These Books From Back In The Day, You're A Proper Bookworm	2020-10-10 10:20:09+00
Hong Kong police arrest nine suspected of helping 12 held in China	2020-10-10 03:46:47+00
35 Products For People Who Like (Almost) Instant Gratification	2020-10-10 10:05:34+00
Canada says Turkey and others should 'stay out of the conflict' in Nagorno-Karabakh - Reuters India	2020-10-10 03:58:00+00
Remy The Rat Isn’t Real, So Buy These 28 Kitchen Gadgets That Will Help Instead	2020-10-10 11:07:10+00
30 Things To Buy When You Finally Decide To Update Your Kitchen	2020-10-10 10:35:41+00
NFL: Jets players, coaches test negative for coronavirus - Reuters	2020-10-10 06:31:00+00
Cycling: Yates out of Giro d'Italia after testing positive for COVID-19 - team - Reuters	2020-10-10 07:54:00+00
UPDATE 1-Malaysia Airlines boss says will have to shut down if restructuring plan fails -report - Reuters	2020-10-10 09:14:00+00
TABLE-Malaysia's Oct 1-10 palm oil exports rise 13.3% -AmSpec Agri - Reuters India	2020-10-10 05:32:00+00
RPT-Germany's confirmed coronavirus cases up 4,721 to 319,381 - RKI - Reuters India	2020-10-10 09:28:00+00
Man Utd's Cavani hoping to do justice to iconic No. 7 shirt - Reuters India	2020-10-10 08:48:00+00
Daimler labor chief urges lawmakers to promote car charging - Reuters Canada	2020-10-10 08:09:00+00
Daimler labour chief urges lawmakers to promote car charging - Reuters.com	2020-10-10 08:49:00+00
Bangladesh weighs death penalty for rapists as protests flare - Reuters India	2020-10-10 07:43:00+00
Malaysia Airlines boss says may have to shut down if restructuring plan fails - report - Reuters	2020-10-10 08:44:00+00
Poland reports record daily increase in coronavirus cases	2020-10-10 08:44:16+00
Yates out of Giro d'Italia after testing positive for COVID-19 - team	2020-10-10 07:54:22+00
Daimler labour chief urges lawmakers to promote car charging - Reuters India	2020-10-10 08:48:00+00
Nurses suffer burn-out, psychological distress in COVID fight: association	2020-10-10 08:01:33+00
Nurses suffer burn-out, psychological distress in COVID fight - association	2020-10-10 08:46:57+00
Nurses suffer burn-out, psychological distress in COVID fight - association - Reuters India	2020-10-10 08:48:00+00
U.S. COVID-19 cases hit two-month high, 10 states report record increases - Reuters	2020-10-10 10:02:00+00
China to invest nearly $900 billion in power grids: state media	2020-10-10 10:54:05+00
U.S. COVID-19 cases hit two-month high, 10 states report record increases	2020-10-10 10:02:36+00
Face masks made compulsory in public in Tehran as COVID toll rises - Reuters Canada	2020-10-10 11:39:00+00
Chinese app allows small glimpse beyond 'Great Firewall' - Reuters	2020-10-10 10:24:00+00
Rays' Brosseau gets last laugh on Yanks' Chapman - Reuters Canada	2020-10-10 08:19:00+00
Seahawks broadcaster Monson suspended over tweet - Reuters	2020-10-10 08:14:00+00
Indonesia reports 4,294 new coronavirus infections - Reuters	2020-10-10 08:49:00+00
Rays' Brosseau gets last laugh on Yanks' Chapman	2020-10-10 08:16:58+00
Nurses suffer burn-out, psychological distress in COVID fight: association - Reuters.com	2020-10-10 08:01:00+00
RBI appeals to Supreme Court to allow NPA classification - Reuters India	2020-10-10 09:33:00+00
Malaysia detains 60 Chinese nationals, 6 vessels for trespassing - Reuters India	2020-10-10 10:08:00+00
North Korean leader Kim speaks at military parade in Pyongyang: state TV - Reuters	2020-10-10 10:41:00+00
Australian Sheffield Shield Scoreboard - Reuters India	2020-10-10 10:13:00+00
Indonesia reports 4,294 new coronavirus infections - Reuters India	2020-10-10 08:48:00+00
Cycling: Yates's positive coronavirus test casts shadow on Giro d'Italia - Reuters India	2020-10-10 08:43:00+00
Chinese app allows small glimpse beyond 'Great Firewall' - Reuters.com	2020-10-10 10:26:00+00
Trump says he stopped medication for coronavirus | Reuters Video - Reuters UK	2020-10-10 10:58:26+00
China to invest nearly $900 billion in power grids: state media - Reuters	2020-10-10 10:51:00+00
U.S. COVID-19 cases hit two-month high, 10 states report record increases - Reuters India	2020-10-10 10:08:00+00
Malaysia reports 374 new coronavirus cases, three deaths - Reuters UK	2020-10-10 10:42:00+00
UPDATE 2-J-League Results	2020-10-10 10:56:12+00
Italy business lobby sees 10% GDP contraction this year, 'partial' rebound in 2021 - Reuters UK	2020-10-10 08:23:00+00
Chinese app allows small glimpse beyond 'Great Firewall' - Reuters India	2020-10-10 10:43:00+00
Poland reports record daily increase in coronavirus cases - Reuters	2020-10-10 08:44:00+00
Kyrgyzstan president reshuffles security officials - Reuters UK	2020-10-10 10:57:00+00
Iran's rial hits new low against dollar as economy reels	2020-10-10 08:57:04+00
Italy creates new company to press ahead with Alitalia nationalisation plan	2020-10-10 08:46:21+00
Rugby-SAfrica to make decision on Rugby Championship participation next week - Reuters UK	2020-10-10 09:11:12+00
Police crack down on marathon anti-Kremlin protest in Russia's Far East - Reuters	2020-10-10 08:45:00+00
France says Nagorno-Karabakh ceasefire is first step - Reuters	2020-10-10 09:21:00+00
Malaysia detains 60 Chinese nationals, 6 vessels for trespassing - Reuters UK	2020-10-10 10:01:00+00
Kyrgyz security forces detain ex-president Atambayev: Ifax - Reuters India	2020-10-10 11:23:00+00
Russia reports new all-time record of daily coronavirus cases - Reuters UK	2020-10-10 07:56:00+00
Indonesia reports 4,294 new coronavirus infections - Reuters UK	2020-10-10 08:51:00+00
North Korean leader Kim speaks at military parade in Pyongyang: state TV - Reuters UK	2020-10-10 10:47:00+00
Malaysia detains 60 Chinese nationals, 6 vessels for trespassing	2020-10-10 09:58:09+00
North Korean state TV broadcasts military parade in Pyongyang - Reuters India	2020-10-10 10:33:00+00
UPDATE 3-J-League Summaries - Reuters UK	2020-10-10 10:21:00+00
RBI appeals to Supreme Court to allow NPA classification - Reuters UK	2020-10-10 09:22:00+00
Malaysia reports 374 new coronavirus cases, three deaths	2020-10-10 10:42:09+00
South Africa to make decision on Rugby Championship participation next week	2020-10-10 08:44:00+00
Malaysia detains 60 Chinese nationals, 6 vessels for trespassing - Reuters	2020-10-10 09:54:00+00
Police crack down on marathon anti-Kremlin protest in Russia's Far East	2020-10-10 08:45:25+00
World Cup Qualifiers (North America) Results - Reuters UK	2020-10-10 10:21:00+00
Kenin vs Swiatek live stream: how to watch free French Open Women's Final from anywhere	2020-10-10 10:32:57+00
RBI appeals to Supreme Court to allow NPA classification - Reuters	2020-10-10 09:29:00+00
Egypt's Sept inflation of 3.7% could trigger IMF consultation	2020-10-10 09:49:41+00
Japan to ease curbs on short-term business travel with Vietnam - Yomiuri - Reuters UK	2020-10-10 08:37:00+00
N.Korean leader Kim speaks at military parade in Pyongyang - state TV - Reuters	2020-10-10 10:42:00+00
Turkish business groups call for Saudi action to resolve trade problems - Reuters India	2020-10-10 11:28:00+00
Malaysia reports 374 new coronavirus cases, three deaths - Reuters India	2020-10-10 10:43:00+00
Italy business lobby sees 10% GDP contraction this year, 'partial' rebound in 2021 - Reuters India	2020-10-10 08:43:00+00
This ace BT broadband deal offers superfast speeds, slashed prices and a 100 bonus	2020-10-10 11:15:08+00
France says Nagorno-Karabakh ceasefire is first step - Reuters UK	2020-10-10 09:13:00+00
Malaysia Airlines boss says may have to shut down if restructuring plan fails - report - Reuters India	2020-10-10 08:43:00+00
Iran's rial hits new low against dollar as economy reels - Reuters UK	2020-10-10 09:01:00+00
FacebookとInstagramが郵便による投票の説明動画をトップに掲載、米大統領選挙での投票を促す	2020-10-10 09:00:38+00
Eels vs Rabbitohs: live stream the NRL 2020 semi-finals match	2020-10-10 07:30:00+00
India, Brazil lead app downloads during Q3 2020	2020-10-10 08:06:38+00
Nvidia admits defeat with RTX 3080 and 3090 Founders Edition stock, passes baton to Best Buy	2020-10-10 09:32:00+00
Geelong Cats vs Collingwood Magpies: live stream the AFL 2020 semifinals match	2020-10-10 07:30:00+00
Star Wars: Squadrons has almost made me a VR convert	2020-10-10 10:00:48+00
The Huawei Mate 40 will be unveiled on October 22	2020-10-10 11:00:11+00
A closer look at Shannon, the revolutionary device that can store data on DNA	2020-10-10 11:00:46+00
5 big things we've got left to learn about the OnePlus 8T	2020-10-10 08:00:58+00
Meet the researcher taking the fight to coronavirus, with the help of a world-beating supercomputer	2020-10-10 09:02:15+00
5 handy things Android VPN apps can do - TechRadar	2020-10-10 10:30:00+00
Unsubscribe scams can work in many different ways. Here's how to protect your systems	2020-10-10 10:00:18+00
College borrowers aren't always seeing COVID-19 relief. Here's why	2020-10-10 10:01:42+00
Trump sparks new FDA concerns with praise of 'miracle' treatment	2020-10-10 11:37:10+00
Democrats warn voters: Don't get complacent	2020-10-10 09:58:57+00
I volunteered for a COVID-19 vaccine trial in New Jersey. Here's what it's been like since the shot.	2020-10-10 10:00:04+00
Bellator Paris live stream and official results (11:30 a.m. ET)	2020-10-10 11:30:09+00
Trump has gutted LGBTQ+ rights. Could a Biden presidency undo the damage?	2020-10-10 11:00:18+00
Why the UK was dumb to use Microsoft Excel to count coronavirus cases	2020-10-10 09:00:54+00
'A miracle': How trainers' quick actions saved JV football player during a game	2020-10-10 11:29:33+00
Australia wants AI to handle divorces — here’s why	2020-10-10 11:00:52+00
Three late Hall of Famers, three iconic seasons. Who had best between Gibson, Ford, Seaver?	2020-10-10 11:21:47+00
Trump's health, court packing, and a peaceful transfer of power: 3 important questions leaders dodged this week	2020-10-10 10:01:25+00
Fiido D11 folding electric bike review: $999 and worth it	2020-10-10 10:32:37+00
Buying an iPhone 12? Make some cash by selling your old device	2020-10-10 10:01:51+00
How to be happier in COVID-19 pandemic: Accept that 'normal' life is a far-off fantasy	2020-10-10 11:38:22+00
High school football is the new battleground of COVID-19 school reopenings	2020-10-10 11:41:48+00
McDonald’s, Chipotle and Domino’s Are Feasting During Coronavirus While Your Neighborhood Restaurant Fasts - The Wall Street Journal	2020-10-10 04:00:00+00
Trump campaign's pitch to women voters: Let's get back to pre-pandemic 'normal'	2020-10-10 10:01:49+00
Buying iPhone 12? Make cash on your old device, and other tips	2020-10-10 10:01:53+00
Testing Alone Won't Stop Covid. Just Look at the White House	2020-10-10 11:00:00+00
Election 2020: Pivotal Moments in a Turbulent Presidential Campaign	2020-10-10 11:00:00+00
How to Customize Your iPhone Home Screen in iOS 14 With Widgets	2020-10-10 11:00:00+00
Non Sequitur for Saturday, October 10, 2020	2020-10-10 11:36:37+00
Election officials annulled Kyrgyzstan’s October election. Here’s why.	2020-10-10 10:00:17+00
Ex-NJ governor Chris Christie says he's out of the hospital	2020-10-10 14:04:33+00
D.C.-area forecast: Cloudy but decent today before rain arrives Sunday and lasts into early next week	2020-10-10 09:00:07+00
Families seek new investigations into old police killings	2020-10-10 15:17:48+00
Northern England mayors slam UK government's support package	2020-10-10 13:39:29+00
Tobacco commission grants can leave communities on the hook	2020-10-10 13:34:48+00
There is a proven winner D.C. United should consider for its coaching job: Jill Ellis	2020-10-10 11:00:06+00
Judge orders ex-Colombian president freed from house arrest	2020-10-10 15:13:45+00
Doonesbury for Saturday, October 10, 2020	2020-10-10 11:37:17+00
Colombian judge orders that powerful ex-President Álvaro Uribe be released from house arrest	2020-10-10 15:00:45+00
AP FACT CHECK: Debate week's twisted tales on virus, climate	2020-10-10 12:41:31+00
Opposition parties win big in Czech Senate election	2020-10-10 14:56:45+00
5 books not to miss: 'Culture Warlords' by Talia Lavin, P. Djèlí Clark's 'Ring Shout'	2020-10-10 11:00:45+00
4 killed, 2 injured in shooting in southern Puerto Rico	2020-10-10 12:18:47+00
Read If You Dare! Escape into Thrills and Chills this Halloween with Disney’s Spooky Read	2020-10-10 13:00:18+00
AP Interview: Top Afghan negotiator lauds India's support	2020-10-10 12:30:25+00
How the FBI spent months tracking the plot to kidnap Michigan Gov. Gretchen Whitmer	2020-10-10 10:00:30+00
Aid group says Libyan militia is holding hostage 60 migrants	2020-10-10 11:49:21+00
Chris Christie released from hospital after COVID-19 diagnosis	2020-10-10 14:54:21+00
Judge orders ex-Colombian president freed from house arrest	2020-10-10 15:13:21+00
Mideast wildfires kill 2, force thousands to flee homes	2020-10-10 12:41:34+00
Egypt begins trial of ex-student in case fueling #MeToo wave	2020-10-10 12:33:13+00
Iran tightens COVID-19 curbs as infections continue to rise	2020-10-10 12:50:35+00
‘Enough is enough’: Nigerians demand SARS police unit scrapped	2020-10-10 15:46:11+00
Report details causes of recent California rolling blackouts	2020-10-10 12:00:04+00
Baby born on Maine island for 1st time in more than 90 years	2020-10-10 14:34:39+00
Poland's Iga Swiatek beats Sofia Kenin for French Open title	2020-10-10 15:09:33+00
Pendley says he's still on the job as acting director of BLM	2020-10-10 14:10:09+00
AP FACT CHECK: Debate week's twisted tales on virus, climate - Associated Press	2020-10-10 12:48:21+00
Manufacturers weather pandemic while other industries hurt	2020-10-10 13:54:12+00
It's (seemingly always) election time in Atlantic City	2020-10-10 12:40:07+00
Pennsylvanians to pick 3 statewide row office holders Nov. 3	2020-10-10 12:36:29+00
GOP's Supreme Court push may box in Cory Gardner	2020-10-10 13:41:08+00
Northern England mayors slam UK government's support package	2020-10-10 13:35:34+00
Virginia man faces challenges at his bar amid pandemic	2020-10-10 13:00:11+00
Poland's Iga Swiatek beats Sofia Kenin for French Open title	2020-10-10 14:35:17+00
AP Interview: Top Afghan negotiator lauds India's support	2020-10-10 12:28:24+00
Tobacco commission grants can leave communities on the hook	2020-10-10 13:33:21+00
Ex-NJ governor Chris Christie says he's out of the hospital	2020-10-10 13:54:54+00
The Latest: 3 Czechs test positive ahead of Israel match	2020-10-10 11:22:01+00
	2020-10-10 12:39:29+00
AP FACT CHECK: Debate week's twisted tales on virus, climate	2020-10-10 12:40:12+00
Families seek new investigations into old police killings	2020-10-10 15:17:16+00
Specter of election chaos raises questions on military role...	2020-10-10 12:49:36+00
The Pence-Harris debate was a big hit on the right	2020-10-10 13:00:28+00
NBA Finals 2020: Lakers vs. Heat Game 6 TV Schedule, Odds, Score Prediction	2020-10-10 13:08:36+00
Italy creates new company to press ahead with Alitalia nationalisation plan - Reuters India	2020-10-10 08:48:00+00
Russia reports new all-time record of daily coronavirus cases	2020-10-10 07:50:48+00
F1: Bottas fastest in Eifel GP practice after Friday washout	2020-10-10 11:16:19+00
Japan to ease curbs on short-term business travel with Vietnam - Yomiuri - Reuters	2020-10-10 08:44:00+00
Woman files ADA lawsuits across US as 'tester' of compliance	2020-10-10 12:32:48+00
Turkish business groups call for Saudi action to resolve trade problems	2020-10-10 10:55:50+00
North Korean state TV broadcasts military parade in Pyongyang - Reuters UK	2020-10-10 10:11:00+00
AP source: No new positives again for Titans, Patriots	2020-10-10 12:57:37+00
Work on Mountain Valley Pipeline can resume	2020-10-10 15:09:31+00
No 'dogma': Democrats walk tightrope on Barrett's faith	2020-10-10 14:18:46+00
NFL Players Ready to Break out After Early-Season Injuries	2020-10-10 13:21:20+00
French Open 2020: Women's Final Winner, Score and Twitter Reaction	2020-10-10 15:05:14+00
NBA Free Agents 2020: Latest Rumors and Predictions for Market's Top Names	2020-10-10 15:05:14+00
Report: Titans, Patriots Cleared to Return to Facilities After COVID-19 Outbreak	2020-10-10 12:21:08+00
Reds' Trevor Bauer Gives Gerrit Cole Props for Performance in Yankees' Loss	2020-10-10 13:53:47+00
Zuckerberg-funded election grants provoke Louisiana dispute	2020-10-10 14:12:07+00
NBA Finals 2020: Heat vs. Lakers TV Schedule, Odds and Game 6 Predictions	2020-10-10 13:08:36+00
French Open 2020: Men's Final TV Schedule and Live Stream Guide	2020-10-10 13:10:19+00
Delta adds insult to injury in hurricane-ravaged Louisiana...	2020-10-10 14:19:37+00
WWE Draft 2020 Results: Grades for Every Selection by Raw and SmackDown	2020-10-10 12:07:15+00
NBA Mock Draft 2020: 1st-Round Predictions for Fastest Rising Prospects	2020-10-10 14:23:08+00
2020 NBA Mock Draft: Predictions for Prospects Whose Stocks are On the Rise	2020-10-10 14:23:08+00
Virginia families recall loved ones killed on USS Cole	2020-10-10 13:00:11+00
Cam Newton's Status Uncertain for Patriots vs. Broncos; Not Practicing Saturday	2020-10-10 15:35:02+00
Erik Spoelstra Lauds Jimmy Butler's 'Remarkable' Will After Heat's Game 5 Win	2020-10-10 14:52:42+00
Voting-related lawsuits pepper US before Election Day	2020-10-10 12:55:34+00
New Day Splits, Draft Underwhelms and More WWE SmackDown Fallout	2020-10-10 12:07:15+00
The Latest: Stricker wins French Open boys' title	2020-10-10 11:48:57+00
Anti-police satanist runs for sheriff as Republican in NH	2020-10-10 12:37:56+00
MLB Playoffs 2020: Odds, TV Schedule, Fantasy Predictions for ALCS, NLCS	2020-10-10 12:07:36+00
B/R's Week 5 2020 Fantasy Football Trade Analyzer	2020-10-10 13:21:20+00
3 Czech players positive for virus ahead of Israel match	2020-10-10 12:46:54+00
WWE SmackDown Ratings Decline Despite WWE Draft, Bayley vs. Sasha Banks	2020-10-10 15:35:02+00
Global Leaders Under the Shadow of Covid-19: Weekend Reads	2020-10-10 12:00:12+00
Mboweni Sees S. Africa Financial Crisis Risk by 2024, Fin24 Says	2020-10-10 12:39:06+00
Big New ETF Players May Be Ready to Bring Back the Price Wars	2020-10-10 11:00:01+00
What to Do About Economic Inequality?	2020-10-10 12:11:49+00
How IBM Watson Analyzes Arguments About Redistributing Wealth	2020-10-10 11:59:34+00
Turkish Businessmen Call on Saudi Arabia Not to Block Imports	2020-10-10 11:19:22+00
Social Media Buzz: Kim Jong Un; Florida Retirees; App in China	2020-10-10 14:52:36+00
Colombian Judge Orders Release of Ex-President Álvaro Uribe	2020-10-10 15:00:40+00
That's Debatable: Is Corporate Wealth Out of Hand?	2020-10-10 12:57:05+00
Home-Made Covid Vaccine Appeared to Work, but Questions Remained	2020-10-10 12:40:01+00
Chill Threatens Outdoor Dining, and With It the U.S. Recovery	2020-10-10 12:00:00+00
Chris Christie Released From Hospital After Covid Treatment	2020-10-10 14:01:27+00
A Wealth Tax Won't Hurt Influence of Billionaires, Says Summers	2020-10-10 11:54:39+00
Islamists 'Execute' Christian Missionary from Switzerland	2020-10-10 13:10:09+00
Disney Defends Thanking Chinese Communists Responsible for Uyghur Concentration Camps in ‘Mulan’ Credits	2020-10-10 12:29:31+00
Delingpole: Police Threaten to Arrest Podcaster Because His GUEST Said Something Offensive	2020-10-10 13:36:05+00
Carlson: Democrat Court-Packing Plans ‘Closer Than a Lot of Republicans Want to Admit and You Should Be Worried About It’	2020-10-10 13:10:31+00
Congressman Demands Harry and Meghan Be Stripped of Royal Titles for Interfering in U.S. Election	2020-10-10 11:35:57+00
U.S. Testing Plan Aims to Open New York-London Travel, DJ Says	2020-10-10 14:35:35+00
Watch: Joe Biden Lowers Mask to Cough in Hand During Speech	2020-10-10 14:23:34+00
PRESENTING: How a 16-year-old trading card reseller turned his hobby into a multimillion-dollar side business	2020-10-10 14:15:00+00
North Korea just unveiled what appears to be a new intercontinental ballistic missile, and it's huge	2020-10-10 14:00:49+00
For $595, a company will transform a dead person or pet into smooth 'parting stones' that slip into your pocket	2020-10-10 12:21:00+00
Why the stock market's sharp rally off March lows is even stronger than in seems, according to one Wall Street chief strategist	2020-10-10 12:30:00+00
'That product was cursed from the beginning' – the long, hard road to market for SoulCycle's 'Peloton killer'	2020-10-10 14:27:30+00
Your Weekend Reading: Trump Is Running Out of Time to Catch Biden	2020-10-10 11:30:01+00
Binding Wounds by Opening Conversations	2020-10-10 13:50:05+00
BlackRock's bond chief who oversees $2.3 trillion names 3 catalysts set to send stocks higher, and 3 attractive sectors to buy	2020-10-10 13:15:00+00
Studio space is a red-hot real estate play as demand for streaming content surges, and insiders say Brookfield could be the next big investor to pile in	2020-10-10 12:00:00+00
Bob Dole says none of his Republican friends on the presidential debate commission support Trump	2020-10-10 14:07:00+00
PBOC Lowers Risk Reserves Ratio for FX Forwards Trading to Zero	2020-10-10 11:08:22+00
Strict Facebook NDAs reveal how the company bars some of its ad agencies from speaking about it and even confirming public information	2020-10-10 15:03:17+00
Dollar General is targeting younger, more affluent customers with Popshelf. Its chief marketing officer explains why she isn't worried about launching a new concept during the pandemic.	2020-10-10 12:45:00+00
SPACs have generated a $39 billion frenzy in the US this year. The executive behind their first ETF explains how retail investors can use them to level the playing field with Wall Street titans like Warren Buffett.	2020-10-10 12:05:00+00
Larry Summers and Robert Reich Clash Over a Wealth Tax	2020-10-10 11:47:05+00
How GM's $19 billion self-driving subsidiary Cruise trains its cars to have 'super-human' capabilities	2020-10-10 14:45:00+00
Poland's Iga Swiatek Beats Sofia Kenin for French Open Title	2020-10-10 14:51:13+00
From pay cuts to permanent work-from-home, here's how Silicon Valley companies are thinking about the future of work	2020-10-10 14:05:00+00
PRESENTING: The post-pandemic future for major consultancies like PwC, Boston Consulting Group, and KPMG, and how they're adapting to the new normal.	2020-10-10 13:30:00+00
That's Debatable: Is It Time to Redistribute the World's Wealth?	2020-10-10 11:45:14+00
I have $1.4 million of life insurance, and I'm happy to pay $70 a month to protect my family	2020-10-10 13:08:00+00
The Aston Martin DB11 quietly sources its V8 engine from Mercedes — and it shows how small luxury automakers depend on larger ones to survive	2020-10-10 13:30:00+00
Politicians still don't understand the tech companies they're supposed to keep in check. That's a problem.	2020-10-10 14:27:00+00
3 of America's richest self-made women — Tory Burch, Kendra Scott, and Liz Elting — recommend the books that have helped them become better leaders during quarantine	2020-10-10 12:37:00+00
European Leaders Impose Targeted Restrictions in New Virus Surge	2020-10-10 12:57:52+00
Sen. Lindsey Graham says Black people are free to 'go anywhere' in South Carolina so long as they're conservative	2020-10-10 13:48:09+00
I'm a freelancer and mother who's made $75,000 this year working less than 20 hours a week. Here are 7 strategies that help me land flexible gigs that pay well.	2020-10-10 13:15:00+00
'Pandemic pampering' has become the latest trend in tourism for people seeking a safe, luxury escape	2020-10-10 13:20:00+00
Morgan Stanley's shopping spree — Hedge fund winners and losers — Day in the life of @MrsDowJones	2020-10-10 12:32:19+00
Chris Christie Released From Hospital After a Week: Trump Update	2020-10-10 14:11:08+00
Nine people who attended Trump's rally in Minnesota have contracted coronavirus	2020-10-10 14:52:49+00
Covid’s Comeback Is Bigger But Less Deadly, at Least for Now - Bloomberg	2020-10-10 11:00:00+00
Canada's 'beautifully surprising' basic income study shows how business needs to reconsider human nature	2020-10-10 15:00:00+00
Kyrgyzstan Bans Rallies, Imposes Curfew to End Turmoil	2020-10-10 11:54:44+00
An auto-manufacturing expert says Tesla has come a long way — but doubts Elon Musk will be able to make a compelling $25,000 car anytime soon (TSLA)	2020-10-10 11:58:00+00
The CEO of Hinge reveals the 3 biggest changes to online dating that could be here to stay after the pandemic	2020-10-10 13:45:00+00
How to grow a successful startup from Katherine Power, the serial entrepreneur who founded 3 brands with over $60 million in total funding	2020-10-10 12:45:00+00
Inside L.A.'s TIKTOK Party House Real Estate Boom...	2020-10-10 13:07:38+00
Sen. Tammy Duckworth was once told to pump breast milk in an airport toilet stall. Now she has unlocked funding to put lactation rooms in all of America's airports.	2020-10-10 12:03:00+00
Facebook, Twitter Brace for Possible Election-Night Chaos	2020-10-10 11:00:00+00
Racist voter suppression tactics are making a comeback in the 2020. And Florida shows just how bad it could get.	2020-10-10 13:04:00+00
Meet the 8 electric-car CEOs battling to become the next Elon Musk	2020-10-10 12:13:00+00
Take a look inside one of Levi's new futuristic stores, offering an 'endless aisle' experience and a tailor shop where customers can customize clothes	2020-10-10 13:35:00+00
Italy's Confindustria Sees Economy Shrinking 10% This Year	2020-10-10 12:38:52+00
Luxury California ski resorts are gearing up for a wave of visitors with slope reservations and touchless massages	2020-10-10 13:00:00+00
If work is taking a toll on your mental health, you can find balance by simplifying other areas of your life	2020-10-10 13:15:00+00
Covid's Comeback Is Bigger But Less Deadly, at Least for Now	2020-10-10 11:00:00+00
Chinese virologists linked to Steve Bannon dropped another bogus paper claiming the new coronavirus is an 'unrestricted bioweapon'	2020-10-10 13:03:00+00
52 Of The Best Stocking Stuffers You Can Get Online	2020-10-10 14:05:02+00
Rays' Mike Brosseau Says Game-Winning HR Not About Revenge vs. Yankees	2020-10-10 12:21:08+00
Who Is the Top Threat to Take Down the Chiefs in the AFC?	2020-10-10 13:21:20+00
World Series 2020: Updated Bracket, Predictions Ahead of ALCS, NLCS	2020-10-10 13:07:42+00
30 Things You Might Want Immediately Because You Can't Ignore All Your Problems Forever	2020-10-10 12:05:05+00
Iga Swiatek Upsets No. 4 Sofia Kenin to Win 1st French Open Title	2020-10-10 14:52:42+00
ALCS Bracket 2020: Schedule Info, Odds Guide and Series Predictions	2020-10-10 15:05:14+00
Buying or Selling Lakers' Biggest Problems vs. Miami Heat in NBA Finals	2020-10-10 13:08:36+00
NFL Predictions Week 5: Fantasy Guide, Odds Projections and Expert Tips	2020-10-10 14:05:12+00
NHL Rumors: Latest Buzz on Taylor Hall Contract, Tuukka Rask Trade, More	2020-10-10 13:05:40+00
French Open 2020 Results: Women's Final Score and Men's Final Predictions	2020-10-10 15:05:14+00
"Pelosi: Proposal on COVID-19 relief is ""one step forward, two steps back"""	2020-10-10 15:07:30+00
Inside the federal government’s defense program for diplomats	2020-10-10 13:09:11+00
Suspects in alleged Gretchen Whitmer kidnapping plot charged in court	2020-10-10 12:16:18+00
At least 600,000 people without power after Hurricane Delta landfall	2020-10-10 12:12:18+00
Saturday Sessions: Delta Spirit performs “The Pressure”	2020-10-10 12:47:02+00
WHO warns Europe to take action as COVID-19 cases surge	2020-10-10 12:29:24+00
Chris Christie released from hospital after COVID-19 treatment	2020-10-10 14:39:49+00
Watch live: Trump holds first public event after positive COVID-19 test	2020-10-10 13:31:22+00
Delta downgraded to tropical storm as it batters Louisiana	2020-10-10 12:03:28+00
Mass airline furloughs may send damaging ripple effects through economy	2020-10-10 12:20:51+00
Social distancing not common on Senate floor, despite McConnell's claims	2020-10-10 13:31:33+00
How to vote and to make sure everyone else does too	2020-10-10 13:17:58+00
Why Trump spent 2 hours calling into Rush Limbaugh's show	2020-10-10 14:01:20+00
Is it safe to travel for the holidays this year?	2020-10-10 13:06:19+00
Why Donald Trump still has a shot against Joe Biden	2020-10-10 15:00:31+00
Hurricane Delta slams the Gulf Coast. Here is how you can help	2020-10-10 12:21:24+00
Chris Christie released from hospital after Covid-19 treatment	2020-10-10 13:32:20+00
Biden campaign launches first ad featuring Cindy McCain	2020-10-10 14:07:49+00
Buy now, pay later options are growing online. But there are risks	2020-10-10 13:11:20+00
